SET DATABASE SQL SYNTAX ORA TRUE

CREATE MEMORY TABLE SAMPLE (ID VARCHAR(16) NOT NULL PRIMARY KEY,NAME VARCHAR(50),DESCRIPTION VARCHAR(100),USE_YN CHAR(1),REG_USER VARCHAR(10))
CREATE MEMORY TABLE IDS (TABLE_NAME VARCHAR(16) NOT NULL PRIMARY KEY,NEXT_ID DECIMAL(30) NOT NULL)
CREATE MEMORY TABLE CMN_TMP_REG (STUD_NO VARCHAR(20) NOT NULL, PARTY_ID VARCHAR(20) NOT NULL, REP_NM VARCHAR(100) NOT NULL, ENG_NM VARCHAR(100), CHA_NM VARCHAR(100), GENDER_RCD VARCHAR(10), SSN VARCHAR(30), STUD_DIV_RCD VARCHAR(10), DEPT_CD VARCHAR(10), DAY_NIGHT_DIV_RCD VARCHAR(10), NAT_RCD VARCHAR(10), ZIPCODE VARCHAR(10), ADDR1 VARCHAR(500), ADDR2 VARCHAR(500), CLP_NO VARCHAR(30), AEN VARCHAR(30), EMAIL VARCHAR(50), BANK_RCD VARCHAR(10), ACCT_NO VARCHAR(100), OWNER_NM VARCHAR(100), FILE_SERIAL_NO DECIMAL(15,0), ATTC_FILE_NO VARCHAR(20), PRIMARY KEY (STUD_NO))
CREATE MEMORY TABLE CMN_TMP_REG_FEE (SCH_YEAR VARCHAR(4) NOT NULL, SMT_RCD VARCHAR(10) NOT NULL, STUD_NO VARCHAR(20) NOT NULL, REG_CLS_RCD VARCHAR(10) NOT NULL, IFR_DT VARCHAR(8), PAY_CLOSE_DT VARCHAR(8), DIV_PAY_REQ_DT VARCHAR(8), DIV_PAY_DESC VARCHAR(300), DIV_PAY_TYPE_CD VARCHAR(10), DIV_PAY_STAT_RCD VARCHAR(10), DIV_PAY_NO VARCHAR(20), BKG_PNT DECIMAL(15,0), BKG_TIME DECIMAL(15,0), REG_STUD_DIV_RCD VARCHAR(10), REMARK VARCHAR(1000), REF_KEY VARCHAR(50), PRIMARY KEY (SCH_YEAR,SMT_RCD,STUD_NO,REG_CLS_RCD))
CREATE MEMORY TABLE CMN_CODE (CD VARCHAR(20) NOT NULL, UCD VARCHAR(20), CD_CLS VARCHAR(20) NOT NULL, CD_NM VARCHAR(100) NOT NULL, CD_SHORT_NM VARCHAR(100), CD_LEN DECIMAL(5,0), PRT_ORD VARCHAR(20), EFFT_STAT_DT VARCHAR(8), EFFT_END_DT VARCHAR(8), CD_DESC VARCHAR(1000), UNIT_SYSTEM_RCD VARCHAR(20), USE_YN CHAR(1), CD_PRP1 VARCHAR(1000), CD_PRP2 VARCHAR(1000), CD_PRP3 VARCHAR(1000), CD_PRP4 VARCHAR(1000), CD_PRP5 VARCHAR(1000), CD_PRP6 VARCHAR(1000), CD_PRP7 VARCHAR(1000), CD_PRP8 VARCHAR(1000), CD_PRP9 VARCHAR(1000), CD_PRP10 VARCHAR(1000), CD_PRP11 VARCHAR(1000), CD_PRP12 VARCHAR(1000), CD_PRP13 VARCHAR(1000), CD_PRP14 VARCHAR(1000), CD_PRP15 VARCHAR(1000), CD_PRP16 VARCHAR(1000), CD_PRP17 VARCHAR(1000), CD_PRP18 VARCHAR(1000), CD_PRP19 VARCHAR(1000), CD_PRP20 VARCHAR(1000), PRIMARY KEY (CD))
CREATE MEMORY TABLE CMN_ATTC_FILE (ATTC_FILE_NO VARCHAR(20) NOT NULL, SEQ DECIMAL(10,0) NOT NULL, PGM_ID VARCHAR(100), USER_ID VARCHAR(50), FILE_NM VARCHAR(100) NOT NULL, SAVE_FILE_NM VARCHAR(100) NOT NULL, FILE_PATH VARCHAR(1000) NOT NULL, FILE_EXT VARCHAR(100), FILE_STAT_RCD VARCHAR(20), FILE_SIZE DECIMAL(15,3), PRIMARY KEY (ATTC_FILE_NO,SEQ))
CREATE MEMORY TABLE CMN_DEPT (DEPT_CD VARCHAR(10) NOT NULL, DEPT_NM VARCHAR(200), DEPT_NM_ENG VARCHAR(300), SHORT_NM VARCHAR(100), SHORT_NM_ENG VARCHAR(100), ST_DT VARCHAR(8), END_DT VARCHAR(8), UP_DEPT_CD VARCHAR(10), DEPT_DIV_RCD VARCHAR(20), MNG_ITEM_1 VARCHAR(50), MNG_ITEM_2 VARCHAR(50), MNG_ITEM_3 VARCHAR(50), MNG_ITEM_4 VARCHAR(50), MNG_ITEM_5 VARCHAR(50), PRT_ORD VARCHAR(10), PRIMARY KEY (DEPT_CD))
CREATE MEMORY TABLE CMN_PGM (PGM_ID VARCHAR(50) NOT NULL, PGM_NM VARCHAR(300) NOT NULL, UNIT_SYS_RCD VARCHAR(20) NOT NULL, PGM_DIV_RCD VARCHAR(20), PGM_TYPE_RCD VARCHAR(20), CALL_PAGE VARCHAR(255), MOBILE_YN CHAR(1) DEFAULT 'N', USE_YN CHAR(1) DEFAULT 'N', PRIMARY KEY (PGM_ID))
CREATE MEMORY TABLE CMN_ROLE (OPRT_ROLE_ID VARCHAR(20) NOT NULL, OPRT_ROLE_NM VARCHAR(300) NOT NULL, OPRT_ROLE_DESC VARCHAR(4000), USE_YN CHAR(1) DEFAULT 'N',BSIC_AUTH_YN VARCHAR(1) DEFAULT 'N', ST_DT VARCHAR(8) NOT NULL, ED_DT VARCHAR(8) NOT NULL, DUSE_DT VARCHAR(8), PRIMARY KEY (OPRT_ROLE_ID))
CREATE MEMORY TABLE CMN_MENU (MENU_ID VARCHAR(50) NOT NULL UNIQUE, PGM_ID VARCHAR(50) NOT NULL, UP_MENU_ID VARCHAR(50), UP_PGM_ID VARCHAR(50), MENU_NM VARCHAR(300) NOT NULL, MENU_NM_ENG VARCHAR(300), MENU_NM_CHA VARCHAR(300), UNIT_SYS_RCD VARCHAR(20), MENU_LVL DECIMAL(2,0) NOT NULL, PRT_ORD DECIMAL(5,0), USE_YN CHAR(1) DEFAULT 'N', MENU_YN CHAR(1) DEFAULT 'N', SHOW_YN CHAR(1) DEFAULT 'N', CTRL_VAR_01 VARCHAR(300), CTRL_VAR_02 VARCHAR(300), CTRL_VAR_03 VARCHAR(300), CTRL_VAR_04 VARCHAR(300), ICON VARCHAR(100), PRIMARY KEY (MENU_ID,PGM_ID))
CREATE MEMORY TABLE CMN_OPER_MENU (OPRT_ROLE_ID VARCHAR(20) NOT NULL, MENU_ID VARCHAR(50) NOT NULL, PGM_ID VARCHAR(50) NOT NULL, USE_AUTH_RCD VARCHAR(20) NOT NULL, DEPT_AUTH_RCD VARCHAR(20), DOWNLD_YN VARCHAR(1) DEFAULT 'N', PRT_YN VARCHAR(1) DEFAULT 'N', MSG_SND_YN VARCHAR(1) DEFAULT 'N', EMAIL_SND_YN VARCHAR(1) DEFAULT 'N', MENU_URL VARCHAR(50), PRIMARY KEY (OPRT_ROLE_ID,MENU_ID,PGM_ID))
CREATE MEMORY TABLE CMN_USER_DIV (USER_DIV_CD VARCHAR(10) NOT NULL, USER_DIV_NM VARCHAR(300) NOT NULL, STTS_LCLS_RCD VARCHAR(20), STTS_MCLS_RCD VARCHAR(20), STTS_SCLS_RCD VARCHAR(20), EXPL VARCHAR(1500), PRT_ORD DECIMAL(2,0), PRIMARY KEY (USER_DIV_CD))
CREATE MEMORY TABLE CMN_PARTY (PARTY_ID VARCHAR(15) NOT NULL, RESNO VARCHAR(13), NM_KOR VARCHAR(300) NOT NULL, NM_ENG VARCHAR(300), NM_CHA VARCHAR(300), GENDER_RCD VARCHAR(20), BRTDY VARCHAR(8), LNR_SLR_DIV_RCD VARCHAR(20), NAT_RCD VARCHAR(20), PRIMARY KEY (PARTY_ID))
CREATE MEMORY TABLE CMN_USE_USER (USER_ID VARCHAR(50) NOT NULL, PARTY_ID VARCHAR(15), LOGIN_ID VARCHAR(50), USER_DIV_CD VARCHAR(10), PWD VARCHAR(300), PWD_CHG_DTTM DATETIME, PWD_EFFT_DAYS DECIMAL(5,0), TMP_PWD VARCHAR(300), TMP_PWD_COPY VARCHAR(300), LOGIN_FAIL DECIMAL(5,0), LOGIN_FAIL_DTTM DATETIME, LOGIN_PBY_DTTM DATETIME, LOGIN_SUCCSS DATETIME, USE_YN CHAR(1), SYS_MGR_YN CHAR(1), DUP_PERMIT_YN CHAR(1), EFFT_ST_DT VARCHAR(8), EFFT_ED_DT VARCHAR(8), RMK VARCHAR(4000), PSN_CTFC_ORI_NM VARCHAR(300), AD_CHECK CHAR(1) DEFAULT 'N', STAT_RCD VARCHAR(20), DEPT_CD VARCHAR(10), PRIMARY KEY (USER_ID), UNIQUE (LOGIN_ID))
CREATE MEMORY TABLE CMN_USR_OPER_GRP (USER_ID VARCHAR(50) NOT NULL, OPRT_ROLE_ID VARCHAR(20) NOT NULL, ST_DT VARCHAR(8) NOT NULL, ED_DT VARCHAR(8) NOT NULL, PRIMARY KEY (USER_ID,OPRT_ROLE_ID))
CREATE MEMORY TABLE CMN_DEFAULT_ROLE (USER_DIV VARCHAR(300) NOT NULL, STAT_RCD VARCHAR(20) NOT NULL, OPRT_ROLE_ID VARCHAR(20) NOT NULL, DEPT_CD VARCHAR(5) NOT NULL, JOBKND_RCD VARCHAR(20) NOT NULL, USE_YN CHAR(1) NOT NULL, PRIMARY KEY (USER_DIV,STAT_RCD,OPRT_ROLE_ID,DEPT_CD,JOBKND_RCD))
CREATE MEMORY TABLE CMN_MLANGUAGE (MSG_CD VARCHAR(10) NOT NULL, LANG_DIV_RCD VARCHAR(20) NOT NULL, MSG_DIV_RCD VARCHAR(20) NOT NULL, MSG_TEXT VARCHAR(1500) NOT NULL, PRIMARY KEY (MSG_CD,LANG_DIV_RCD))
CREATE MEMORY TABLE CMN_BOARD (SEQ INT NOT NULL, ANNC_DT VARCHAR(8) NOT NULL, ANNC_FUND_NM VARCHAR(100), EMGCY_YN CHAR(1), USER_DIV_CD VARCHAR(10), ANNC_ST_DT VARCHAR(8), ANNC_END_DT VARCHAR(8), TITLE VARCHAR(1000), CONT VARCHAR(4000), IQY_CNT INT, LINK_URL VARCHAR(100), ANNC_DIV_RCD VARCHAR(10), ATTC_FILE_NO VARCHAR(20),  IMG_PATH VARCHAR(20), PRIMARY KEY (SEQ))

SET SCHEMA PUBLIC
INSERT INTO SAMPLE VALUES('SAMPLE-00001','Runtime Environment','Foundation Layer','Y','eGov')
INSERT INTO SAMPLE VALUES('SAMPLE-00002','Runtime Environment','Persistence Layer','Y','eGov')
INSERT INTO SAMPLE VALUES('SAMPLE-00003','Runtime Environment','Presentation Layer','Y','eGov')
INSERT INTO SAMPLE VALUES('SAMPLE-00004','Runtime Environment','Business Layer','Y','eGov')
INSERT INTO SAMPLE VALUES('SAMPLE-00005','Runtime Environment','Batch Layer','Y','eGov')
INSERT INTO SAMPLE VALUES('SAMPLE-00006','Runtime Environment','Integration Layer','Y','eGov')
INSERT INTO SAMPLE VALUES('SAMPLE-00007','Runtime Environment','Integration Layer','Y','eGov')
INSERT INTO SAMPLE VALUES('SAMPLE-00008','Runtime Environment','Integration Layer','Y','eGov')
INSERT INTO SAMPLE VALUES('SAMPLE-00009','Runtime Environment','Integration Layer','Y','eGov')
INSERT INTO SAMPLE VALUES('SAMPLE-00010','Runtime Environment','Integration Layer','Y','eGov')
INSERT INTO SAMPLE VALUES('SAMPLE-00011','Runtime Environment','Integration Layer','Y','eGov')
INSERT INTO SAMPLE VALUES('SAMPLE-00012','Runtime Environment','Integration Layer','Y','eGov')
INSERT INTO SAMPLE VALUES('SAMPLE-00013','Runtime Environment','Integration Layer','Y','eGov')
INSERT INTO SAMPLE VALUES('SAMPLE-00014','Runtime Environment','Integration Layer','Y','eGov')
INSERT INTO SAMPLE VALUES('SAMPLE-00015','Runtime Environment','Integration Layer','Y','eGov')
INSERT INTO SAMPLE VALUES('SAMPLE-00016','Runtime Environment','Integration Layer','Y','eGov')
INSERT INTO SAMPLE VALUES('SAMPLE-00017','Runtime Environment','Integration Layer','Y','eGov')
INSERT INTO SAMPLE VALUES('SAMPLE-00018','Runtime Environment','Integration Layer','Y','eGov')
INSERT INTO SAMPLE VALUES('SAMPLE-00019','Runtime Environment','Integration Layer','Y','eGov')
INSERT INTO SAMPLE VALUES('SAMPLE-00020','Runtime Environment','Integration Layer','Y','eGov')
INSERT INTO SAMPLE VALUES('SAMPLE-00021','Runtime Environment','Integration Layer','Y','eGov')
INSERT INTO SAMPLE VALUES('SAMPLE-00022','Runtime Environment','Integration Layer','Y','eGov')
INSERT INTO SAMPLE VALUES('SAMPLE-00023','Runtime Environment','Integration Layer','Y','eGov')
INSERT INTO SAMPLE VALUES('SAMPLE-00024','Runtime Environment','Integration Layer','Y','eGov')
INSERT INTO SAMPLE VALUES('SAMPLE-00025','Runtime Environment','Integration Layer','Y','eGov')
INSERT INTO SAMPLE VALUES('SAMPLE-00026','Runtime Environment','Integration Layer','Y','eGov')
INSERT INTO SAMPLE VALUES('SAMPLE-00027','Runtime Environment','Integration Layer','Y','eGov')
INSERT INTO SAMPLE VALUES('SAMPLE-00028','Runtime Environment','Integration Layer','Y','eGov')
INSERT INTO SAMPLE VALUES('SAMPLE-00029','Runtime Environment','Integration Layer','Y','eGov')
INSERT INTO SAMPLE VALUES('SAMPLE-00030','Runtime Environment','Integration Layer','Y','eGov')
INSERT INTO SAMPLE VALUES('SAMPLE-00031','Runtime Environment','Integration Layer','Y','eGov')
INSERT INTO SAMPLE VALUES('SAMPLE-00032','Runtime Environment','Integration Layer','Y','eGov')
INSERT INTO SAMPLE VALUES('SAMPLE-00033','Runtime Environment','Integration Layer','Y','eGov')
INSERT INTO SAMPLE VALUES('SAMPLE-00034','Runtime Environment','Integration Layer','Y','eGov')
INSERT INTO SAMPLE VALUES('SAMPLE-00035','Runtime Environment','Integration Layer','Y','eGov')
INSERT INTO SAMPLE VALUES('SAMPLE-00036','Runtime Environment','Integration Layer','Y','eGov')
INSERT INTO SAMPLE VALUES('SAMPLE-00037','Runtime Environment','Integration Layer','Y','eGov')
INSERT INTO SAMPLE VALUES('SAMPLE-00038','Runtime Environment','Integration Layer','Y','eGov')
INSERT INTO SAMPLE VALUES('SAMPLE-00039','Runtime Environment','Integration Layer','Y','eGov')
INSERT INTO SAMPLE VALUES('SAMPLE-00040','Runtime Environment','Integration Layer','Y','eGov')
INSERT INTO SAMPLE VALUES('SAMPLE-00041','Runtime Environment','Integration Layer','Y','eGov')
INSERT INTO SAMPLE VALUES('SAMPLE-00042','Runtime Environment','Integration Layer','Y','eGov')
INSERT INTO SAMPLE VALUES('SAMPLE-00043','Runtime Environment','Integration Layer','Y','eGov')
INSERT INTO SAMPLE VALUES('SAMPLE-00044','Runtime Environment','Integration Layer','Y','eGov')
INSERT INTO SAMPLE VALUES('SAMPLE-00045','Runtime Environment','Integration Layer','Y','eGov')
INSERT INTO SAMPLE VALUES('SAMPLE-00046','Runtime Environment','Integration Layer','Y','eGov')
INSERT INTO SAMPLE VALUES('SAMPLE-00047','Runtime Environment','Integration Layer','Y','eGov')
INSERT INTO SAMPLE VALUES('SAMPLE-00048','Runtime Environment','Integration Layer','Y','eGov')
INSERT INTO SAMPLE VALUES('SAMPLE-00049','Runtime Environment','Integration Layer','Y','eGov')
INSERT INTO SAMPLE VALUES('SAMPLE-00050','Runtime Environment','Integration Layer','Y','eGov')
INSERT INTO SAMPLE VALUES('SAMPLE-00051','Runtime Environment','Integration Layer','Y','eGov')
INSERT INTO SAMPLE VALUES('SAMPLE-00052','Runtime Environment','Integration Layer','Y','eGov')
INSERT INTO SAMPLE VALUES('SAMPLE-00053','Runtime Environment','Integration Layer','Y','eGov')
INSERT INTO SAMPLE VALUES('SAMPLE-00054','Runtime Environment','Integration Layer','Y','eGov')
INSERT INTO SAMPLE VALUES('SAMPLE-00055','Runtime Environment','Integration Layer','Y','eGov')
INSERT INTO SAMPLE VALUES('SAMPLE-00056','Runtime Environment','Integration Layer','Y','eGov')
INSERT INTO SAMPLE VALUES('SAMPLE-00057','Runtime Environment','Integration Layer','Y','eGov')
INSERT INTO SAMPLE VALUES('SAMPLE-00058','Runtime Environment','Integration Layer','Y','eGov')
INSERT INTO SAMPLE VALUES('SAMPLE-00059','Runtime Environment','Integration Layer','Y','eGov')
INSERT INTO SAMPLE VALUES('SAMPLE-00060','Runtime Environment','Integration Layer','Y','eGov')
INSERT INTO SAMPLE VALUES('SAMPLE-00061','Runtime Environment','Integration Layer','Y','eGov')
INSERT INTO SAMPLE VALUES('SAMPLE-00062','Runtime Environment','Integration Layer','Y','eGov')
INSERT INTO SAMPLE VALUES('SAMPLE-00063','Runtime Environment','Integration Layer','Y','eGov')
INSERT INTO SAMPLE VALUES('SAMPLE-00064','Runtime Environment','Integration Layer','Y','eGov')
INSERT INTO SAMPLE VALUES('SAMPLE-00065','Runtime Environment','Integration Layer','Y','eGov')
INSERT INTO SAMPLE VALUES('SAMPLE-00066','Runtime Environment','Integration Layer','Y','eGov')
INSERT INTO SAMPLE VALUES('SAMPLE-00067','Runtime Environment','Integration Layer','Y','eGov')
INSERT INTO SAMPLE VALUES('SAMPLE-00068','Runtime Environment','Integration Layer','Y','eGov')
INSERT INTO SAMPLE VALUES('SAMPLE-00069','Runtime Environment','Integration Layer','Y','eGov')
INSERT INTO SAMPLE VALUES('SAMPLE-00070','Runtime Environment','Integration Layer','Y','eGov')
INSERT INTO SAMPLE VALUES('SAMPLE-00071','Runtime Environment','Integration Layer','Y','eGov')
INSERT INTO SAMPLE VALUES('SAMPLE-00072','Runtime Environment','Integration Layer','Y','eGov')
INSERT INTO SAMPLE VALUES('SAMPLE-00073','Runtime Environment','Integration Layer','Y','eGov')
INSERT INTO SAMPLE VALUES('SAMPLE-00074','Runtime Environment','Integration Layer','Y','eGov')
INSERT INTO SAMPLE VALUES('SAMPLE-00075','Runtime Environment','Integration Layer','Y','eGov')
INSERT INTO SAMPLE VALUES('SAMPLE-00076','Runtime Environment','Integration Layer','Y','eGov')
INSERT INTO SAMPLE VALUES('SAMPLE-00077','Runtime Environment','Integration Layer','Y','eGov')
INSERT INTO SAMPLE VALUES('SAMPLE-00078','Runtime Environment','Integration Layer','Y','eGov')
INSERT INTO SAMPLE VALUES('SAMPLE-00079','Runtime Environment','Integration Layer','Y','eGov')
INSERT INTO SAMPLE VALUES('SAMPLE-00080','Runtime Environment','Integration Layer','Y','eGov')
INSERT INTO SAMPLE VALUES('SAMPLE-00081','Runtime Environment','Integration Layer','Y','eGov')
INSERT INTO SAMPLE VALUES('SAMPLE-00082','Runtime Environment','Integration Layer','Y','eGov')
INSERT INTO SAMPLE VALUES('SAMPLE-00083','Runtime Environment','Integration Layer','Y','eGov')
INSERT INTO SAMPLE VALUES('SAMPLE-00084','Runtime Environment','Integration Layer','Y','eGov')
INSERT INTO SAMPLE VALUES('SAMPLE-00085','Runtime Environment','Integration Layer','Y','eGov')
INSERT INTO SAMPLE VALUES('SAMPLE-00086','Runtime Environment','Integration Layer','Y','eGov')
INSERT INTO SAMPLE VALUES('SAMPLE-00087','Runtime Environment','Integration Layer','Y','eGov')
INSERT INTO SAMPLE VALUES('SAMPLE-00088','Runtime Environment','Integration Layer','Y','eGov')
INSERT INTO SAMPLE VALUES('SAMPLE-00089','Runtime Environment','Integration Layer','Y','eGov')
INSERT INTO SAMPLE VALUES('SAMPLE-00090','Runtime Environment','Integration Layer','Y','eGov')
INSERT INTO SAMPLE VALUES('SAMPLE-00091','Runtime Environment','Integration Layer','Y','eGov')
INSERT INTO SAMPLE VALUES('SAMPLE-00092','Runtime Environment','Integration Layer','Y','eGov')
INSERT INTO SAMPLE VALUES('SAMPLE-00093','Runtime Environment','Integration Layer','Y','eGov')
INSERT INTO SAMPLE VALUES('SAMPLE-00094','Runtime Environment','Integration Layer','Y','eGov')
INSERT INTO SAMPLE VALUES('SAMPLE-00095','Runtime Environment','Integration Layer','Y','eGov')
INSERT INTO SAMPLE VALUES('SAMPLE-00096','Runtime Environment','Integration Layer','Y','eGov')
INSERT INTO SAMPLE VALUES('SAMPLE-00097','Runtime Environment','Integration Layer','Y','eGov')
INSERT INTO SAMPLE VALUES('SAMPLE-00098','Runtime Environment','Integration Layer','Y','eGov')
INSERT INTO SAMPLE VALUES('SAMPLE-00099','Runtime Environment','Integration Layer','Y','eGov')
INSERT INTO SAMPLE VALUES('SAMPLE-00100','Runtime Environment','Integration Layer','Y','eGov')
INSERT INTO SAMPLE VALUES('SAMPLE-00101','Runtime Environment','Integration Layer','Y','eGov')
INSERT INTO SAMPLE VALUES('SAMPLE-00102','Runtime Environment','Integration Layer','Y','eGov')
INSERT INTO SAMPLE VALUES('SAMPLE-00103','Runtime Environment','Integration Layer','Y','eGov')
INSERT INTO SAMPLE VALUES('SAMPLE-00104','Runtime Environment','Integration Layer','Y','eGov')
INSERT INTO SAMPLE VALUES('SAMPLE-00105','Runtime Environment','Integration Layer','Y','eGov')
INSERT INTO SAMPLE VALUES('SAMPLE-00106','Runtime Environment','Integration Layer','Y','eGov')
INSERT INTO SAMPLE VALUES('SAMPLE-00107','Runtime Environment','Integration Layer','Y','eGov')
INSERT INTO SAMPLE VALUES('SAMPLE-00108','Runtime Environment','Integration Layer','Y','eGov')
INSERT INTO SAMPLE VALUES('SAMPLE-00109','Runtime Environment','Integration Layer','Y','eGov')
INSERT INTO SAMPLE VALUES('SAMPLE-00110','Runtime Environment','Integration Layer','Y','eGov')
INSERT INTO SAMPLE VALUES('SAMPLE-00111','Runtime Environment','Integration Layer','Y','eGov')
INSERT INTO SAMPLE VALUES('SAMPLE-00112','Runtime Environment','Integration Layer','Y','eGov')
INSERT INTO SAMPLE VALUES('SAMPLE-00113','Runtime Environment','Integration Layer','Y','eGov')
INSERT INTO SAMPLE VALUES('SAMPLE-00114','Runtime Environment','Integration Layer','Y','eGov')
INSERT INTO IDS VALUES('SAMPLE',115)
INSERT INTO CMN_TMP_REG (STUD_NO,PARTY_ID,REP_NM,ENG_NM,CHA_NM,GENDER_RCD,SSN,STUD_DIV_RCD,DEPT_CD,DAY_NIGHT_DIV_RCD,NAT_RCD,ZIPCODE,ADDR1,ADDR2,CLP_NO,AEN,EMAIL,BANK_RCD,ACCT_NO,OWNER_NM,FILE_SERIAL_NO) VALUES ('1','000000000000001','강우석','stone kang',NULL,'TMP00101',NULL,'TMP002.02',NULL,'TMP003.02','TMP00401',NULL,NULL,NULL,NULL,NULL,NULL,'TMP005.03',NULL,NULL,NULL)
INSERT INTO CMN_TMP_REG (STUD_NO,PARTY_ID,REP_NM,ENG_NM,CHA_NM,GENDER_RCD,SSN,STUD_DIV_RCD,DEPT_CD,DAY_NIGHT_DIV_RCD,NAT_RCD,ZIPCODE,ADDR1,ADDR2,CLP_NO,AEN,EMAIL,BANK_RCD,ACCT_NO,OWNER_NM,FILE_SERIAL_NO) VALUES ('2','000000000000002','홍길동','GattNam',' ','TMP00102','','TMP002.01',' ','TMP003.01','TMP00401',' ',' ',' ','',' ','','TMP005.01',NULL,NULL,NULL)
INSERT INTO CMN_TMP_REG (STUD_NO,PARTY_ID,REP_NM,ENG_NM,CHA_NM,GENDER_RCD,SSN,STUD_DIV_RCD,DEPT_CD,DAY_NIGHT_DIV_RCD,NAT_RCD,ZIPCODE,ADDR1,ADDR2,CLP_NO,AEN,EMAIL,BANK_RCD,ACCT_NO,OWNER_NM,FILE_SERIAL_NO) VALUES ('3','000000000000003','강감찬','kung',NULL,'TMP00101',NULL,NULL,NULL,NULL,NULL,NULL,NULL,NULL,NULL,NULL,NULL,NULL,NULL,NULL,NULL)
INSERT INTO CMN_TMP_REG (STUD_NO,PARTY_ID,REP_NM,ENG_NM,CHA_NM,GENDER_RCD,SSN,STUD_DIV_RCD,DEPT_CD,DAY_NIGHT_DIV_RCD,NAT_RCD,ZIPCODE,ADDR1,ADDR2,CLP_NO,AEN,EMAIL,BANK_RCD,ACCT_NO,OWNER_NM,FILE_SERIAL_NO) VALUES ('4','000000000000004','전지현','GangJr','',NULL,NULL,NULL,NULL,NULL,'TMP00401',NULL,NULL,NULL,NULL,NULL,NULL,NULL,NULL,NULL,NULL)
INSERT INTO CMN_TMP_REG (STUD_NO,PARTY_ID,REP_NM,ENG_NM,CHA_NM,GENDER_RCD,SSN,STUD_DIV_RCD,DEPT_CD,DAY_NIGHT_DIV_RCD,NAT_RCD,ZIPCODE,ADDR1,ADDR2,CLP_NO,AEN,EMAIL,BANK_RCD,ACCT_NO,OWNER_NM,FILE_SERIAL_NO) VALUES ('5','000000000000005','잔동건','lman','','TMP00102',NULL,NULL,NULL,NULL,NULL,NULL,NULL,NULL,NULL,NULL,NULL,'TMP005.02',NULL,NULL,NULL)
INSERT INTO CMN_TMP_REG (STUD_NO,PARTY_ID,REP_NM,ENG_NM,CHA_NM,GENDER_RCD,SSN,STUD_DIV_RCD,DEPT_CD,DAY_NIGHT_DIV_RCD,NAT_RCD,ZIPCODE,ADDR1,ADDR2,CLP_NO,AEN,EMAIL,BANK_RCD,ACCT_NO,OWNER_NM,FILE_SERIAL_NO) VALUES ('6','000000000000006','토마토','tomato',NULL,NULL,NULL,NULL,NULL,NULL,NULL,NULL,NULL,NULL,NULL,NULL,NULL,NULL,NULL,NULL,NULL)
INSERT INTO CMN_TMP_REG (STUD_NO,PARTY_ID,REP_NM,ENG_NM,CHA_NM,GENDER_RCD,SSN,STUD_DIV_RCD,DEPT_CD,DAY_NIGHT_DIV_RCD,NAT_RCD,ZIPCODE,ADDR1,ADDR2,CLP_NO,AEN,EMAIL,BANK_RCD,ACCT_NO,OWNER_NM,FILE_SERIAL_NO) VALUES ('7','000000000000007','테스트2','Test','','TMP00102',NULL,'TMP002.02',NULL,'TMP003.01','TMP00401',NULL,NULL,NULL,NULL,NULL,NULL,NULL,NULL,NULL,NULL)
INSERT INTO CMN_TMP_REG (STUD_NO,PARTY_ID,REP_NM,ENG_NM,CHA_NM,GENDER_RCD,SSN,STUD_DIV_RCD,DEPT_CD,DAY_NIGHT_DIV_RCD,NAT_RCD,ZIPCODE,ADDR1,ADDR2,CLP_NO,AEN,EMAIL,BANK_RCD,ACCT_NO,OWNER_NM,FILE_SERIAL_NO) VALUES ('8','000000000000008','박주완','parjuwan','',NULL,NULL,NULL,NULL,NULL,NULL,NULL,NULL,NULL,NULL,NULL,NULL,NULL,NULL,NULL,NULL)
INSERT INTO CMN_TMP_REG (STUD_NO,PARTY_ID,REP_NM,ENG_NM,CHA_NM,GENDER_RCD,SSN,STUD_DIV_RCD,DEPT_CD,DAY_NIGHT_DIV_RCD,NAT_RCD,ZIPCODE,ADDR1,ADDR2,CLP_NO,AEN,EMAIL,BANK_RCD,ACCT_NO,OWNER_NM,FILE_SERIAL_NO) VALUES ('9','000000000000009','김수미','sumi',NULL,NULL,NULL,NULL,NULL,NULL,NULL,NULL,NULL,NULL,NULL,NULL,NULL,NULL,NULL,NULL,NULL)
INSERT INTO CMN_TMP_REG (STUD_NO,PARTY_ID,REP_NM,ENG_NM,CHA_NM,GENDER_RCD,SSN,STUD_DIV_RCD,DEPT_CD,DAY_NIGHT_DIV_RCD,NAT_RCD,ZIPCODE,ADDR1,ADDR2,CLP_NO,AEN,EMAIL,BANK_RCD,ACCT_NO,OWNER_NM,FILE_SERIAL_NO) VALUES ('10','000000000000010','정찬','Ralph lauren','','TMP00101',NULL,NULL,NULL,NULL,NULL,NULL,NULL,NULL,NULL,NULL,NULL,NULL,NULL,NULL,NULL)
INSERT INTO CMN_TMP_REG (STUD_NO,PARTY_ID,REP_NM,ENG_NM,CHA_NM,GENDER_RCD,SSN,STUD_DIV_RCD,DEPT_CD,DAY_NIGHT_DIV_RCD,NAT_RCD,ZIPCODE,ADDR1,ADDR2,CLP_NO,AEN,EMAIL,BANK_RCD,ACCT_NO,OWNER_NM,FILE_SERIAL_NO) VALUES ('11','000000000000011','토마토11','tomato11',NULL,'TMP00101',NULL,'TMP002.01',NULL,'TMP003.01','TMP00401',NULL,NULL,NULL,NULL,NULL,NULL,'TMP005.01',NULL,NULL,NULL)
INSERT INTO CMN_TMP_REG (STUD_NO,PARTY_ID,REP_NM,ENG_NM,CHA_NM,GENDER_RCD,SSN,STUD_DIV_RCD,DEPT_CD,DAY_NIGHT_DIV_RCD,NAT_RCD,ZIPCODE,ADDR1,ADDR2,CLP_NO,AEN,EMAIL,BANK_RCD,ACCT_NO,OWNER_NM,FILE_SERIAL_NO) VALUES ('12','000000000000012','토마토12','tomato12',NULL,'TMP00102',NULL,'TMP002.02',NULL,'TMP003.02','TMP00401',NULL,NULL,NULL,NULL,NULL,NULL,'TMP005.02',NULL,NULL,NULL)
INSERT INTO CMN_TMP_REG (STUD_NO,PARTY_ID,REP_NM,ENG_NM,CHA_NM,GENDER_RCD,SSN,STUD_DIV_RCD,DEPT_CD,DAY_NIGHT_DIV_RCD,NAT_RCD,ZIPCODE,ADDR1,ADDR2,CLP_NO,AEN,EMAIL,BANK_RCD,ACCT_NO,OWNER_NM,FILE_SERIAL_NO) VALUES ('13','000000000000013','토마토13','tomato13',NULL,'TMP00101',NULL,'TMP002.01',NULL,'TMP003.01','TMP00401',NULL,NULL,NULL,NULL,NULL,NULL,'TMP005.03',NULL,NULL,NULL)
INSERT INTO CMN_TMP_REG (STUD_NO,PARTY_ID,REP_NM,ENG_NM,CHA_NM,GENDER_RCD,SSN,STUD_DIV_RCD,DEPT_CD,DAY_NIGHT_DIV_RCD,NAT_RCD,ZIPCODE,ADDR1,ADDR2,CLP_NO,AEN,EMAIL,BANK_RCD,ACCT_NO,OWNER_NM,FILE_SERIAL_NO) VALUES ('14','000000000000014','토마토14','tomato14',NULL,'TMP00102',NULL,'TMP002.02',NULL,'TMP003.02','TMP00401',NULL,NULL,NULL,NULL,NULL,NULL,'TMP005.01',NULL,NULL,NULL)
INSERT INTO CMN_TMP_REG (STUD_NO,PARTY_ID,REP_NM,ENG_NM,CHA_NM,GENDER_RCD,SSN,STUD_DIV_RCD,DEPT_CD,DAY_NIGHT_DIV_RCD,NAT_RCD,ZIPCODE,ADDR1,ADDR2,CLP_NO,AEN,EMAIL,BANK_RCD,ACCT_NO,OWNER_NM,FILE_SERIAL_NO) VALUES ('15','000000000000015','토마토15','tomato15',NULL,'TMP00101',NULL,'TMP002.01',NULL,'TMP003.01','TMP00401',NULL,NULL,NULL,NULL,NULL,NULL,'TMP005.02',NULL,NULL,NULL)
INSERT INTO CMN_TMP_REG (STUD_NO,PARTY_ID,REP_NM,ENG_NM,CHA_NM,GENDER_RCD,SSN,STUD_DIV_RCD,DEPT_CD,DAY_NIGHT_DIV_RCD,NAT_RCD,ZIPCODE,ADDR1,ADDR2,CLP_NO,AEN,EMAIL,BANK_RCD,ACCT_NO,OWNER_NM,FILE_SERIAL_NO) VALUES ('16','000000000000016','토마토16','tomato16',NULL,'TMP00102',NULL,'TMP002.02',NULL,'TMP003.02','TMP00401',NULL,NULL,NULL,NULL,NULL,NULL,'TMP005.03',NULL,NULL,NULL)
INSERT INTO CMN_TMP_REG (STUD_NO,PARTY_ID,REP_NM,ENG_NM,CHA_NM,GENDER_RCD,SSN,STUD_DIV_RCD,DEPT_CD,DAY_NIGHT_DIV_RCD,NAT_RCD,ZIPCODE,ADDR1,ADDR2,CLP_NO,AEN,EMAIL,BANK_RCD,ACCT_NO,OWNER_NM,FILE_SERIAL_NO) VALUES ('17','000000000000017','토마토17','tomato17',NULL,'TMP00101',NULL,'TMP002.01',NULL,'TMP003.01','TMP00401',NULL,NULL,NULL,NULL,NULL,NULL,'TMP005.01',NULL,NULL,NULL)
INSERT INTO CMN_TMP_REG (STUD_NO,PARTY_ID,REP_NM,ENG_NM,CHA_NM,GENDER_RCD,SSN,STUD_DIV_RCD,DEPT_CD,DAY_NIGHT_DIV_RCD,NAT_RCD,ZIPCODE,ADDR1,ADDR2,CLP_NO,AEN,EMAIL,BANK_RCD,ACCT_NO,OWNER_NM,FILE_SERIAL_NO) VALUES ('18','000000000000018','토마토18','tomato18',NULL,'TMP00102',NULL,'TMP002.02',NULL,'TMP003.02','TMP00401',NULL,NULL,NULL,NULL,NULL,NULL,'TMP005.02',NULL,NULL,NULL)
INSERT INTO CMN_TMP_REG (STUD_NO,PARTY_ID,REP_NM,ENG_NM,CHA_NM,GENDER_RCD,SSN,STUD_DIV_RCD,DEPT_CD,DAY_NIGHT_DIV_RCD,NAT_RCD,ZIPCODE,ADDR1,ADDR2,CLP_NO,AEN,EMAIL,BANK_RCD,ACCT_NO,OWNER_NM,FILE_SERIAL_NO) VALUES ('19','000000000000019','토마토19','tomato19',NULL,'TMP00101',NULL,'TMP002.01',NULL,'TMP003.01','TMP00401',NULL,NULL,NULL,NULL,NULL,NULL,'TMP005.03',NULL,NULL,NULL)
INSERT INTO CMN_TMP_REG (STUD_NO,PARTY_ID,REP_NM,ENG_NM,CHA_NM,GENDER_RCD,SSN,STUD_DIV_RCD,DEPT_CD,DAY_NIGHT_DIV_RCD,NAT_RCD,ZIPCODE,ADDR1,ADDR2,CLP_NO,AEN,EMAIL,BANK_RCD,ACCT_NO,OWNER_NM,FILE_SERIAL_NO) VALUES ('20','000000000000020','토마토20','tomato20',NULL,'TMP00102',NULL,'TMP002.02',NULL,'TMP003.01','TMP00401',NULL,NULL,NULL,NULL,NULL,NULL,'TMP005.01',NULL,NULL,NULL)
INSERT INTO CMN_TMP_REG (STUD_NO,PARTY_ID,REP_NM,ENG_NM,CHA_NM,GENDER_RCD,SSN,STUD_DIV_RCD,DEPT_CD,DAY_NIGHT_DIV_RCD,NAT_RCD,ZIPCODE,ADDR1,ADDR2,CLP_NO,AEN,EMAIL,BANK_RCD,ACCT_NO,OWNER_NM,FILE_SERIAL_NO) VALUES ('21','000000000000021','토마토21','tomato21',NULL,'TMP00101',NULL,'TMP002.01',NULL,'TMP003.01','TMP00401',NULL,NULL,NULL,NULL,NULL,NULL,'TMP005.01',NULL,NULL,NULL)
INSERT INTO CMN_TMP_REG (STUD_NO,PARTY_ID,REP_NM,ENG_NM,CHA_NM,GENDER_RCD,SSN,STUD_DIV_RCD,DEPT_CD,DAY_NIGHT_DIV_RCD,NAT_RCD,ZIPCODE,ADDR1,ADDR2,CLP_NO,AEN,EMAIL,BANK_RCD,ACCT_NO,OWNER_NM,FILE_SERIAL_NO) VALUES ('22','000000000000022','토마토22','tomato22',NULL,'TMP00102',NULL,'TMP002.02',NULL,'TMP003.02','TMP00401',NULL,NULL,NULL,NULL,NULL,NULL,'TMP005.02',NULL,NULL,NULL)
INSERT INTO CMN_TMP_REG (STUD_NO,PARTY_ID,REP_NM,ENG_NM,CHA_NM,GENDER_RCD,SSN,STUD_DIV_RCD,DEPT_CD,DAY_NIGHT_DIV_RCD,NAT_RCD,ZIPCODE,ADDR1,ADDR2,CLP_NO,AEN,EMAIL,BANK_RCD,ACCT_NO,OWNER_NM,FILE_SERIAL_NO) VALUES ('23','000000000000023','토마토23','tomato23',NULL,'TMP00101',NULL,'TMP002.01',NULL,'TMP003.01','TMP00401',NULL,NULL,NULL,NULL,NULL,NULL,'TMP005.03',NULL,NULL,NULL)
INSERT INTO CMN_TMP_REG (STUD_NO,PARTY_ID,REP_NM,ENG_NM,CHA_NM,GENDER_RCD,SSN,STUD_DIV_RCD,DEPT_CD,DAY_NIGHT_DIV_RCD,NAT_RCD,ZIPCODE,ADDR1,ADDR2,CLP_NO,AEN,EMAIL,BANK_RCD,ACCT_NO,OWNER_NM,FILE_SERIAL_NO) VALUES ('24','000000000000024','토마토24','tomato24',NULL,'TMP00102',NULL,'TMP002.02',NULL,'TMP003.02','TMP00401',NULL,NULL,NULL,NULL,NULL,NULL,'TMP005.01',NULL,NULL,NULL)
INSERT INTO CMN_TMP_REG (STUD_NO,PARTY_ID,REP_NM,ENG_NM,CHA_NM,GENDER_RCD,SSN,STUD_DIV_RCD,DEPT_CD,DAY_NIGHT_DIV_RCD,NAT_RCD,ZIPCODE,ADDR1,ADDR2,CLP_NO,AEN,EMAIL,BANK_RCD,ACCT_NO,OWNER_NM,FILE_SERIAL_NO) VALUES ('25','000000000000025','토마토25','tomato25',NULL,'TMP00101',NULL,'TMP002.01',NULL,'TMP003.01','TMP00401',NULL,NULL,NULL,NULL,NULL,NULL,'TMP005.02',NULL,NULL,NULL)
INSERT INTO CMN_TMP_REG (STUD_NO,PARTY_ID,REP_NM,ENG_NM,CHA_NM,GENDER_RCD,SSN,STUD_DIV_RCD,DEPT_CD,DAY_NIGHT_DIV_RCD,NAT_RCD,ZIPCODE,ADDR1,ADDR2,CLP_NO,AEN,EMAIL,BANK_RCD,ACCT_NO,OWNER_NM,FILE_SERIAL_NO) VALUES ('26','000000000000026','토마토26','tomato26',NULL,'TMP00102',NULL,'TMP002.02',NULL,'TMP003.02','TMP00401',NULL,NULL,NULL,NULL,NULL,NULL,'TMP005.03',NULL,NULL,NULL)
INSERT INTO CMN_TMP_REG (STUD_NO,PARTY_ID,REP_NM,ENG_NM,CHA_NM,GENDER_RCD,SSN,STUD_DIV_RCD,DEPT_CD,DAY_NIGHT_DIV_RCD,NAT_RCD,ZIPCODE,ADDR1,ADDR2,CLP_NO,AEN,EMAIL,BANK_RCD,ACCT_NO,OWNER_NM,FILE_SERIAL_NO) VALUES ('27','000000000000027','토마토27','tomato27',NULL,'TMP00101',NULL,'TMP002.01',NULL,'TMP003.01','TMP00401',NULL,NULL,NULL,NULL,NULL,NULL,'TMP005.01',NULL,NULL,NULL)
INSERT INTO CMN_TMP_REG (STUD_NO,PARTY_ID,REP_NM,ENG_NM,CHA_NM,GENDER_RCD,SSN,STUD_DIV_RCD,DEPT_CD,DAY_NIGHT_DIV_RCD,NAT_RCD,ZIPCODE,ADDR1,ADDR2,CLP_NO,AEN,EMAIL,BANK_RCD,ACCT_NO,OWNER_NM,FILE_SERIAL_NO) VALUES ('28','000000000000028','토마토28','tomato28',NULL,'TMP00102',NULL,'TMP002.02',NULL,'TMP003.02','TMP00401',NULL,NULL,NULL,NULL,NULL,NULL,'TMP005.02',NULL,NULL,NULL)
INSERT INTO CMN_TMP_REG (STUD_NO,PARTY_ID,REP_NM,ENG_NM,CHA_NM,GENDER_RCD,SSN,STUD_DIV_RCD,DEPT_CD,DAY_NIGHT_DIV_RCD,NAT_RCD,ZIPCODE,ADDR1,ADDR2,CLP_NO,AEN,EMAIL,BANK_RCD,ACCT_NO,OWNER_NM,FILE_SERIAL_NO) VALUES ('29','000000000000029','토마토29','tomato29',NULL,'TMP00101',NULL,'TMP002.01',NULL,'TMP003.01','TMP00401',NULL,NULL,NULL,NULL,NULL,NULL,'TMP005.03',NULL,NULL,NULL)
INSERT INTO CMN_TMP_REG (STUD_NO,PARTY_ID,REP_NM,ENG_NM,CHA_NM,GENDER_RCD,SSN,STUD_DIV_RCD,DEPT_CD,DAY_NIGHT_DIV_RCD,NAT_RCD,ZIPCODE,ADDR1,ADDR2,CLP_NO,AEN,EMAIL,BANK_RCD,ACCT_NO,OWNER_NM,FILE_SERIAL_NO) VALUES ('30','000000000000030','토마토30','tomato30',NULL,'TMP00102',NULL,'TMP002.02',NULL,'TMP003.01','TMP00401',NULL,NULL,NULL,NULL,NULL,NULL,'TMP005.01',NULL,NULL,NULL)
INSERT INTO CMN_TMP_REG (STUD_NO,PARTY_ID,REP_NM,ENG_NM,CHA_NM,GENDER_RCD,SSN,STUD_DIV_RCD,DEPT_CD,DAY_NIGHT_DIV_RCD,NAT_RCD,ZIPCODE,ADDR1,ADDR2,CLP_NO,AEN,EMAIL,BANK_RCD,ACCT_NO,OWNER_NM,FILE_SERIAL_NO) VALUES ('31','000000000000031','토마토31','tomato31',NULL,'TMP00101',NULL,'TMP002.01',NULL,'TMP003.01','TMP00401',NULL,NULL,NULL,NULL,NULL,NULL,'TMP005.01',NULL,NULL,NULL)
INSERT INTO CMN_TMP_REG (STUD_NO,PARTY_ID,REP_NM,ENG_NM,CHA_NM,GENDER_RCD,SSN,STUD_DIV_RCD,DEPT_CD,DAY_NIGHT_DIV_RCD,NAT_RCD,ZIPCODE,ADDR1,ADDR2,CLP_NO,AEN,EMAIL,BANK_RCD,ACCT_NO,OWNER_NM,FILE_SERIAL_NO) VALUES ('32','000000000000032','토마토32','tomato32',NULL,'TMP00102',NULL,'TMP002.02',NULL,'TMP003.02','TMP00401',NULL,NULL,NULL,NULL,NULL,NULL,'TMP005.02',NULL,NULL,NULL)
INSERT INTO CMN_TMP_REG (STUD_NO,PARTY_ID,REP_NM,ENG_NM,CHA_NM,GENDER_RCD,SSN,STUD_DIV_RCD,DEPT_CD,DAY_NIGHT_DIV_RCD,NAT_RCD,ZIPCODE,ADDR1,ADDR2,CLP_NO,AEN,EMAIL,BANK_RCD,ACCT_NO,OWNER_NM,FILE_SERIAL_NO) VALUES ('33','000000000000033','토마토33','tomato33',NULL,'TMP00101',NULL,'TMP002.01',NULL,'TMP003.01','TMP00401',NULL,NULL,NULL,NULL,NULL,NULL,'TMP005.03',NULL,NULL,NULL)
INSERT INTO CMN_TMP_REG (STUD_NO,PARTY_ID,REP_NM,ENG_NM,CHA_NM,GENDER_RCD,SSN,STUD_DIV_RCD,DEPT_CD,DAY_NIGHT_DIV_RCD,NAT_RCD,ZIPCODE,ADDR1,ADDR2,CLP_NO,AEN,EMAIL,BANK_RCD,ACCT_NO,OWNER_NM,FILE_SERIAL_NO) VALUES ('34','000000000000034','토마토34','tomato34',NULL,'TMP00102',NULL,'TMP002.02',NULL,'TMP003.02','TMP00401',NULL,NULL,NULL,NULL,NULL,NULL,'TMP005.01',NULL,NULL,NULL)
INSERT INTO CMN_TMP_REG (STUD_NO,PARTY_ID,REP_NM,ENG_NM,CHA_NM,GENDER_RCD,SSN,STUD_DIV_RCD,DEPT_CD,DAY_NIGHT_DIV_RCD,NAT_RCD,ZIPCODE,ADDR1,ADDR2,CLP_NO,AEN,EMAIL,BANK_RCD,ACCT_NO,OWNER_NM,FILE_SERIAL_NO) VALUES ('35','000000000000035','토마토35','tomato35',NULL,'TMP00101',NULL,'TMP002.01',NULL,'TMP003.01','TMP00401',NULL,NULL,NULL,NULL,NULL,NULL,'TMP005.02',NULL,NULL,NULL)
INSERT INTO CMN_TMP_REG (STUD_NO,PARTY_ID,REP_NM,ENG_NM,CHA_NM,GENDER_RCD,SSN,STUD_DIV_RCD,DEPT_CD,DAY_NIGHT_DIV_RCD,NAT_RCD,ZIPCODE,ADDR1,ADDR2,CLP_NO,AEN,EMAIL,BANK_RCD,ACCT_NO,OWNER_NM,FILE_SERIAL_NO) VALUES ('36','000000000000036','토마토36','tomato36',NULL,'TMP00102',NULL,'TMP002.02',NULL,'TMP003.02','TMP00401',NULL,NULL,NULL,NULL,NULL,NULL,'TMP005.03',NULL,NULL,NULL)
INSERT INTO CMN_TMP_REG (STUD_NO,PARTY_ID,REP_NM,ENG_NM,CHA_NM,GENDER_RCD,SSN,STUD_DIV_RCD,DEPT_CD,DAY_NIGHT_DIV_RCD,NAT_RCD,ZIPCODE,ADDR1,ADDR2,CLP_NO,AEN,EMAIL,BANK_RCD,ACCT_NO,OWNER_NM,FILE_SERIAL_NO) VALUES ('37','000000000000037','토마토37','tomato37',NULL,'TMP00101',NULL,'TMP002.01',NULL,'TMP003.01','TMP00401',NULL,NULL,NULL,NULL,NULL,NULL,'TMP005.01',NULL,NULL,NULL)
INSERT INTO CMN_TMP_REG (STUD_NO,PARTY_ID,REP_NM,ENG_NM,CHA_NM,GENDER_RCD,SSN,STUD_DIV_RCD,DEPT_CD,DAY_NIGHT_DIV_RCD,NAT_RCD,ZIPCODE,ADDR1,ADDR2,CLP_NO,AEN,EMAIL,BANK_RCD,ACCT_NO,OWNER_NM,FILE_SERIAL_NO) VALUES ('38','000000000000038','토마토38','tomato38',NULL,'TMP00102',NULL,'TMP002.02',NULL,'TMP003.02','TMP00401',NULL,NULL,NULL,NULL,NULL,NULL,'TMP005.02',NULL,NULL,NULL)
INSERT INTO CMN_TMP_REG (STUD_NO,PARTY_ID,REP_NM,ENG_NM,CHA_NM,GENDER_RCD,SSN,STUD_DIV_RCD,DEPT_CD,DAY_NIGHT_DIV_RCD,NAT_RCD,ZIPCODE,ADDR1,ADDR2,CLP_NO,AEN,EMAIL,BANK_RCD,ACCT_NO,OWNER_NM,FILE_SERIAL_NO) VALUES ('39','000000000000039','토마토39','tomato39',NULL,'TMP00101',NULL,'TMP002.01',NULL,'TMP003.01','TMP00401',NULL,NULL,NULL,NULL,NULL,NULL,'TMP005.03',NULL,NULL,NULL)
INSERT INTO CMN_TMP_REG (STUD_NO,PARTY_ID,REP_NM,ENG_NM,CHA_NM,GENDER_RCD,SSN,STUD_DIV_RCD,DEPT_CD,DAY_NIGHT_DIV_RCD,NAT_RCD,ZIPCODE,ADDR1,ADDR2,CLP_NO,AEN,EMAIL,BANK_RCD,ACCT_NO,OWNER_NM,FILE_SERIAL_NO) VALUES ('40','000000000000030','토마토40','tomato30',NULL,'TMP00102',NULL,'TMP002.02',NULL,'TMP003.01','TMP00401',NULL,NULL,NULL,NULL,NULL,NULL,'TMP005.01',NULL,NULL,NULL)
INSERT INTO CMN_TMP_REG (STUD_NO,PARTY_ID,REP_NM,ENG_NM,CHA_NM,GENDER_RCD,SSN,STUD_DIV_RCD,DEPT_CD,DAY_NIGHT_DIV_RCD,NAT_RCD,ZIPCODE,ADDR1,ADDR2,CLP_NO,AEN,EMAIL,BANK_RCD,ACCT_NO,OWNER_NM,FILE_SERIAL_NO) VALUES ('41','000000000000041','토마토41','tomato41',NULL,'TMP00101',NULL,'TMP002.01',NULL,'TMP003.01','TMP00401',NULL,NULL,NULL,NULL,NULL,NULL,'TMP005.01',NULL,NULL,NULL)
INSERT INTO CMN_TMP_REG (STUD_NO,PARTY_ID,REP_NM,ENG_NM,CHA_NM,GENDER_RCD,SSN,STUD_DIV_RCD,DEPT_CD,DAY_NIGHT_DIV_RCD,NAT_RCD,ZIPCODE,ADDR1,ADDR2,CLP_NO,AEN,EMAIL,BANK_RCD,ACCT_NO,OWNER_NM,FILE_SERIAL_NO) VALUES ('42','000000000000042','토마토42','tomato42',NULL,'TMP00102',NULL,'TMP002.02',NULL,'TMP003.02','TMP00401',NULL,NULL,NULL,NULL,NULL,NULL,'TMP005.02',NULL,NULL,NULL)
INSERT INTO CMN_TMP_REG (STUD_NO,PARTY_ID,REP_NM,ENG_NM,CHA_NM,GENDER_RCD,SSN,STUD_DIV_RCD,DEPT_CD,DAY_NIGHT_DIV_RCD,NAT_RCD,ZIPCODE,ADDR1,ADDR2,CLP_NO,AEN,EMAIL,BANK_RCD,ACCT_NO,OWNER_NM,FILE_SERIAL_NO) VALUES ('43','000000000000043','토마토43','tomato43',NULL,'TMP00101',NULL,'TMP002.01',NULL,'TMP003.01','TMP00401',NULL,NULL,NULL,NULL,NULL,NULL,'TMP005.03',NULL,NULL,NULL)
INSERT INTO CMN_TMP_REG (STUD_NO,PARTY_ID,REP_NM,ENG_NM,CHA_NM,GENDER_RCD,SSN,STUD_DIV_RCD,DEPT_CD,DAY_NIGHT_DIV_RCD,NAT_RCD,ZIPCODE,ADDR1,ADDR2,CLP_NO,AEN,EMAIL,BANK_RCD,ACCT_NO,OWNER_NM,FILE_SERIAL_NO) VALUES ('44','000000000000044','토마토44','tomato44',NULL,'TMP00102',NULL,'TMP002.02',NULL,'TMP003.02','TMP00401',NULL,NULL,NULL,NULL,NULL,NULL,'TMP005.01',NULL,NULL,NULL)
INSERT INTO CMN_TMP_REG (STUD_NO,PARTY_ID,REP_NM,ENG_NM,CHA_NM,GENDER_RCD,SSN,STUD_DIV_RCD,DEPT_CD,DAY_NIGHT_DIV_RCD,NAT_RCD,ZIPCODE,ADDR1,ADDR2,CLP_NO,AEN,EMAIL,BANK_RCD,ACCT_NO,OWNER_NM,FILE_SERIAL_NO) VALUES ('45','000000000000045','토마토45','tomato45',NULL,'TMP00101',NULL,'TMP002.01',NULL,'TMP003.01','TMP00401',NULL,NULL,NULL,NULL,NULL,NULL,'TMP005.02',NULL,NULL,NULL)
INSERT INTO CMN_TMP_REG (STUD_NO,PARTY_ID,REP_NM,ENG_NM,CHA_NM,GENDER_RCD,SSN,STUD_DIV_RCD,DEPT_CD,DAY_NIGHT_DIV_RCD,NAT_RCD,ZIPCODE,ADDR1,ADDR2,CLP_NO,AEN,EMAIL,BANK_RCD,ACCT_NO,OWNER_NM,FILE_SERIAL_NO) VALUES ('46','000000000000046','토마토46','tomato46',NULL,'TMP00102',NULL,'TMP002.02',NULL,'TMP003.02','TMP00401',NULL,NULL,NULL,NULL,NULL,NULL,'TMP005.03',NULL,NULL,NULL)
INSERT INTO CMN_TMP_REG (STUD_NO,PARTY_ID,REP_NM,ENG_NM,CHA_NM,GENDER_RCD,SSN,STUD_DIV_RCD,DEPT_CD,DAY_NIGHT_DIV_RCD,NAT_RCD,ZIPCODE,ADDR1,ADDR2,CLP_NO,AEN,EMAIL,BANK_RCD,ACCT_NO,OWNER_NM,FILE_SERIAL_NO) VALUES ('47','000000000000047','토마토47','tomato47',NULL,'TMP00101',NULL,'TMP002.01',NULL,'TMP003.01','TMP00401',NULL,NULL,NULL,NULL,NULL,NULL,'TMP005.01',NULL,NULL,NULL)
INSERT INTO CMN_TMP_REG (STUD_NO,PARTY_ID,REP_NM,ENG_NM,CHA_NM,GENDER_RCD,SSN,STUD_DIV_RCD,DEPT_CD,DAY_NIGHT_DIV_RCD,NAT_RCD,ZIPCODE,ADDR1,ADDR2,CLP_NO,AEN,EMAIL,BANK_RCD,ACCT_NO,OWNER_NM,FILE_SERIAL_NO) VALUES ('48','000000000000048','토마토48','tomato48',NULL,'TMP00102',NULL,'TMP002.02',NULL,'TMP003.02','TMP00401',NULL,NULL,NULL,NULL,NULL,NULL,'TMP005.02',NULL,NULL,NULL)
INSERT INTO CMN_TMP_REG (STUD_NO,PARTY_ID,REP_NM,ENG_NM,CHA_NM,GENDER_RCD,SSN,STUD_DIV_RCD,DEPT_CD,DAY_NIGHT_DIV_RCD,NAT_RCD,ZIPCODE,ADDR1,ADDR2,CLP_NO,AEN,EMAIL,BANK_RCD,ACCT_NO,OWNER_NM,FILE_SERIAL_NO) VALUES ('49','000000000000049','토마토49','tomato49',NULL,'TMP00101',NULL,'TMP002.01',NULL,'TMP003.01','TMP00401',NULL,NULL,NULL,NULL,NULL,NULL,'TMP005.03',NULL,NULL,NULL)
INSERT INTO CMN_TMP_REG (STUD_NO,PARTY_ID,REP_NM,ENG_NM,CHA_NM,GENDER_RCD,SSN,STUD_DIV_RCD,DEPT_CD,DAY_NIGHT_DIV_RCD,NAT_RCD,ZIPCODE,ADDR1,ADDR2,CLP_NO,AEN,EMAIL,BANK_RCD,ACCT_NO,OWNER_NM,FILE_SERIAL_NO) VALUES ('50','000000000000050','토마토50','tomato50',NULL,'TMP00101',NULL,'TMP002.01',NULL,'TMP003.01','TMP00401',NULL,NULL,NULL,NULL,NULL,NULL,'TMP005.01',NULL,NULL,NULL)
INSERT INTO CMN_TMP_REG (STUD_NO,PARTY_ID,REP_NM,ENG_NM,CHA_NM,GENDER_RCD,SSN,STUD_DIV_RCD,DEPT_CD,DAY_NIGHT_DIV_RCD,NAT_RCD,ZIPCODE,ADDR1,ADDR2,CLP_NO,AEN,EMAIL,BANK_RCD,ACCT_NO,OWNER_NM,FILE_SERIAL_NO) VALUES ('51','000000000000051','토마토51','tomato51',NULL,'TMP00102',NULL,'TMP002.02',NULL,'TMP003.02','TMP00401',NULL,NULL,NULL,NULL,NULL,NULL,'TMP005.02',NULL,NULL,NULL)
INSERT INTO CMN_TMP_REG_FEE (SCH_YEAR, SMT_RCD, STUD_NO, REG_CLS_RCD, IFR_DT, PAY_CLOSE_DT, DIV_PAY_REQ_DT, DIV_PAY_DESC, DIV_PAY_TYPE_CD, DIV_PAY_STAT_RCD, DIV_PAY_NO, BKG_PNT, BKG_TIME, REG_STUD_DIV_RCD, REMARK, REF_KEY) VALUES('2024', 'TMP008.01', '1', 'TMP006.01', '20240802', '20240804', '20240803', NULL, NULL, NULL, NULL, NULL, NULL, NULL, NULL, NULL)
INSERT INTO CMN_TMP_REG_FEE (SCH_YEAR, SMT_RCD, STUD_NO, REG_CLS_RCD, IFR_DT, PAY_CLOSE_DT, DIV_PAY_REQ_DT, DIV_PAY_DESC, DIV_PAY_TYPE_CD, DIV_PAY_STAT_RCD, DIV_PAY_NO, BKG_PNT, BKG_TIME, REG_STUD_DIV_RCD, REMARK, REF_KEY) VALUES('2024', 'TMP008.01', '2', 'TMP006.02', '20240801', '20240804', '20240803', NULL, NULL, 'TMP007.02', NULL, NULL, NULL, NULL, NULL, NULL)
INSERT INTO CMN_TMP_REG_FEE (SCH_YEAR, SMT_RCD, STUD_NO, REG_CLS_RCD, IFR_DT, PAY_CLOSE_DT, DIV_PAY_REQ_DT, DIV_PAY_DESC, DIV_PAY_TYPE_CD, DIV_PAY_STAT_RCD, DIV_PAY_NO, BKG_PNT, BKG_TIME, REG_STUD_DIV_RCD, REMARK, REF_KEY) VALUES('2024', 'TMP008.01', '2', 'TMP006.01', '20240802', '20240804', '20240803', '2', '100', 'TMP007.01', '1001', 20, 20, NULL, NULL, NULL)
INSERT INTO CMN_CODE (CD,UCD,CD_CLS,CD_NM,CD_SHORT_NM,CD_LEN,PRT_ORD,EFFT_STAT_DT,EFFT_END_DT,CD_DESC,UNIT_SYSTEM_RCD,USE_YN) VALUES ('TMP00101',NULL,'TMP001','남',NULL,NULL,'1',NULL,NULL,NULL,'CMN003.TMP','Y')
INSERT INTO CMN_CODE (CD,UCD,CD_CLS,CD_NM,CD_SHORT_NM,CD_LEN,PRT_ORD,EFFT_STAT_DT,EFFT_END_DT,CD_DESC,UNIT_SYSTEM_RCD,USE_YN) VALUES('TMP00102',NULL,'TMP001','여',NULL,NULL,'2',NULL,NULL,NULL,'CMN003.TMP','Y')
INSERT INTO CMN_CODE (CD,UCD,CD_CLS,CD_NM,CD_SHORT_NM,CD_LEN,PRT_ORD,EFFT_STAT_DT,EFFT_END_DT,CD_DESC,UNIT_SYSTEM_RCD,USE_YN) VALUES('TMP00401',NULL,'TMP004','대한민국',NULL,NULL,'1',NULL,NULL,NULL,'CMN003.TMP','Y')
INSERT INTO CMN_CODE (CD,UCD,CD_CLS,CD_NM,CD_SHORT_NM,CD_LEN,PRT_ORD,EFFT_STAT_DT,EFFT_END_DT,CD_DESC,UNIT_SYSTEM_RCD,USE_YN) VALUES('TMP00402',NULL,'TMP004','미국',NULL,NULL,'2',NULL,NULL,NULL,'CMN003.TMP','Y')
INSERT INTO CMN_CODE (CD,UCD,CD_CLS,CD_NM,CD_SHORT_NM,CD_LEN,PRT_ORD,EFFT_STAT_DT,EFFT_END_DT,CD_DESC,UNIT_SYSTEM_RCD,USE_YN) VALUES('TMP00403',NULL,'TMP004','중국',NULL,NULL,'3',NULL,NULL,NULL,'CMN003.TMP','Y')
INSERT INTO CMN_CODE (CD,UCD,CD_CLS,CD_NM,CD_SHORT_NM,CD_LEN,PRT_ORD,EFFT_STAT_DT,EFFT_END_DT,CD_DESC,UNIT_SYSTEM_RCD,USE_YN) VALUES('TMP00404',NULL,'TMP004','일본',NULL,NULL,'4',NULL,NULL,NULL,'CMN003.TMP','Y')
INSERT INTO CMN_CODE (CD,UCD,CD_CLS,CD_NM,CD_SHORT_NM,CD_LEN,PRT_ORD,EFFT_STAT_DT,EFFT_END_DT,CD_DESC,UNIT_SYSTEM_RCD,USE_YN) VALUES('TMP002.02',NULL,'TMP002','재학생',NULL,NULL,'2',NULL,NULL,NULL,'CMN003.TMP','Y')
INSERT INTO CMN_CODE (CD,UCD,CD_CLS,CD_NM,CD_SHORT_NM,CD_LEN,PRT_ORD,EFFT_STAT_DT,EFFT_END_DT,CD_DESC,UNIT_SYSTEM_RCD,USE_YN) VALUES('TMP003.01',NULL,'TMP003','주',NULL,NULL,'1',NULL,NULL,NULL,'CMN003.TMP','Y')
INSERT INTO CMN_CODE (CD,UCD,CD_CLS,CD_NM,CD_SHORT_NM,CD_LEN,PRT_ORD,EFFT_STAT_DT,EFFT_END_DT,CD_DESC,UNIT_SYSTEM_RCD,USE_YN) VALUES('TMP003.02',NULL,'TMP003','야',NULL,NULL,'2',NULL,NULL,NULL,'CMN003.TMP','Y')
INSERT INTO CMN_CODE (CD,UCD,CD_CLS,CD_NM,CD_SHORT_NM,CD_LEN,PRT_ORD,EFFT_STAT_DT,EFFT_END_DT,CD_DESC,UNIT_SYSTEM_RCD,USE_YN) VALUES('TMP005.01',NULL,'TMP005','국민은행',NULL,NULL,'1',NULL,NULL,NULL,'CMN003.TMP','Y')
INSERT INTO CMN_CODE (CD,UCD,CD_CLS,CD_NM,CD_SHORT_NM,CD_LEN,PRT_ORD,EFFT_STAT_DT,EFFT_END_DT,CD_DESC,UNIT_SYSTEM_RCD,USE_YN) VALUES ('TMP005.02',NULL,'TMP005','우리은행',NULL,NULL,'2',NULL,NULL,NULL,'CMN003.TMP','Y')
INSERT INTO CMN_CODE (CD,UCD,CD_CLS,CD_NM,CD_SHORT_NM,CD_LEN,PRT_ORD,EFFT_STAT_DT,EFFT_END_DT,CD_DESC,UNIT_SYSTEM_RCD,USE_YN) VALUES('TMP005.03',NULL,'TMP005','기업은행',NULL,NULL,'3',NULL,NULL,NULL,'CMN003.TMP','Y')
INSERT INTO CMN_CODE (CD,UCD,CD_CLS,CD_NM,CD_SHORT_NM,CD_LEN,PRT_ORD,EFFT_STAT_DT,EFFT_END_DT,CD_DESC,UNIT_SYSTEM_RCD,USE_YN) VALUES('TMP002.01',NULL,'TMP002','졸업생',NULL,NULL,'1',NULL,NULL,NULL,'CMN003.TMP','Y')
INSERT INTO CMN_CODE (CD,UCD,CD_CLS,CD_NM,CD_SHORT_NM,CD_LEN,PRT_ORD,EFFT_STAT_DT,EFFT_END_DT,CD_DESC,UNIT_SYSTEM_RCD,USE_YN) VALUES ('TMP006.01',NULL,'TMP006','등록',NULL,NULL,'1',NULL,NULL,NULL,'CMN003.TMP','Y')
INSERT INTO CMN_CODE (CD,UCD,CD_CLS,CD_NM,CD_SHORT_NM,CD_LEN,PRT_ORD,EFFT_STAT_DT,EFFT_END_DT,CD_DESC,UNIT_SYSTEM_RCD,USE_YN) VALUES ('TMP006.02',NULL,'TMP006','미등록',NULL,NULL,'2',NULL,NULL,NULL,'CMN003.TMP','Y')
INSERT INTO CMN_CODE (CD,UCD,CD_CLS,CD_NM,CD_SHORT_NM,CD_LEN,PRT_ORD,EFFT_STAT_DT,EFFT_END_DT,CD_DESC,UNIT_SYSTEM_RCD,USE_YN) VALUES ('TMP007.01',NULL,'TMP007','완납',NULL,NULL,'1',NULL,NULL,NULL,'CMN003.TMP','Y')
INSERT INTO CMN_CODE (CD,UCD,CD_CLS,CD_NM,CD_SHORT_NM,CD_LEN,PRT_ORD,EFFT_STAT_DT,EFFT_END_DT,CD_DESC,UNIT_SYSTEM_RCD,USE_YN) VALUES ('TMP007.02',NULL,'TMP007','1차납부',NULL,NULL,'2',NULL,NULL,NULL,'CMN003.TMP','Y')
INSERT INTO CMN_CODE (CD,UCD,CD_CLS,CD_NM,CD_SHORT_NM,CD_LEN,PRT_ORD,EFFT_STAT_DT,EFFT_END_DT,CD_DESC,UNIT_SYSTEM_RCD,USE_YN) VALUES ('TMP007.03',NULL,'TMP007','2차납부',NULL,NULL,'3',NULL,NULL,NULL,'CMN003.TMP','Y')
INSERT INTO CMN_CODE (CD,UCD,CD_CLS,CD_NM,CD_SHORT_NM,CD_LEN,PRT_ORD,EFFT_STAT_DT,EFFT_END_DT,CD_DESC,UNIT_SYSTEM_RCD,USE_YN) VALUES ('TMP008.01',NULL,'TMP008','1학기',NULL,NULL,'1',NULL,NULL,NULL,'CMN003.TMP','Y')
INSERT INTO CMN_CODE (CD,UCD,CD_CLS,CD_NM,CD_SHORT_NM,CD_LEN,PRT_ORD,EFFT_STAT_DT,EFFT_END_DT,CD_DESC,UNIT_SYSTEM_RCD,USE_YN) VALUES ('TMP008.02',NULL,'TMP008','2학기',NULL,NULL,'2',NULL,NULL,NULL,'CMN003.TMP','Y')
INSERT INTO CMN_CODE (CD,UCD,CD_CLS,CD_NM,CD_SHORT_NM,CD_LEN,PRT_ORD,EFFT_STAT_DT,EFFT_END_DT,CD_DESC,UNIT_SYSTEM_RCD,USE_YN) VALUES ('CMN101.SAVE',NULL,'CMN101','저장완료',NULL,NULL,'1',NULL,NULL,NULL,'CMN003.CMN','Y')
INSERT INTO CMN_CODE (CD,UCD,CD_CLS,CD_NM,CD_SHORT_NM,CD_LEN,PRT_ORD,EFFT_STAT_DT,EFFT_END_DT,CD_DESC,UNIT_SYSTEM_RCD,USE_YN) VALUES ('CMN101.TEMP',NULL,'CMN101','임시저장',NULL,NULL,'2',NULL,NULL,NULL,'CMN003.CMN','Y')
INSERT INTO CMN_CODE (CD,UCD,CD_CLS,CD_NM,CD_SHORT_NM,CD_LEN,PRT_ORD,EFFT_STAT_DT,EFFT_END_DT,CD_DESC,UNIT_SYSTEM_RCD,USE_YN) VALUES ('CMN401.01',NULL,'CMN401','실',NULL,NULL,'2',NULL,NULL,NULL,'CMN003.CMN','Y')
INSERT INTO CMN_CODE (CD,UCD,CD_CLS,CD_NM,CD_SHORT_NM,CD_LEN,PRT_ORD,EFFT_STAT_DT,EFFT_END_DT,CD_DESC,UNIT_SYSTEM_RCD,USE_YN) VALUES ('CMN401.02',NULL,'CMN401','팀',NULL,NULL,'2',NULL,NULL,NULL,'CMN003.CMN','Y')
INSERT INTO CMN_CODE (CD,UCD,CD_CLS,CD_NM,CD_SHORT_NM,CD_LEN,PRT_ORD,EFFT_STAT_DT,EFFT_END_DT,CD_DESC,UNIT_SYSTEM_RCD,USE_YN) VALUES ('CMN401.03',NULL,'CMN401','처',NULL,NULL,'2',NULL,NULL,NULL,'CMN003.CMN','Y')
INSERT INTO CMN_CODE (CD,UCD,CD_CLS,CD_NM,CD_SHORT_NM,CD_LEN,PRT_ORD,EFFT_STAT_DT,EFFT_END_DT,CD_DESC,UNIT_SYSTEM_RCD,USE_YN) VALUES ('CMN401.04',NULL,'CMN401','본부',NULL,NULL,'2',NULL,NULL,NULL,'CMN003.CMN','Y')
INSERT INTO CMN_CODE (CD, UCD, CD_CLS, CD_NM, CD_SHORT_NM, CD_LEN, PRT_ORD, EFFT_STAT_DT, EFFT_END_DT, CD_DESC, UNIT_SYSTEM_RCD, USE_YN) VALUES('CMN003.CMN', NULL, 'CMN003', '공통시스템', '공통', NULL, '1', NULL, NULL, ' ', 'CMN003.CMN', 'Y')
INSERT INTO CMN_CODE (CD, UCD, CD_CLS, CD_NM, CD_SHORT_NM, CD_LEN, PRT_ORD, EFFT_STAT_DT, EFFT_END_DT, CD_DESC, UNIT_SYSTEM_RCD, USE_YN) VALUES('CMN003.TST', NULL, 'CMN003', '테스트시스템', NULL, NULL, '2', NULL, NULL, '', 'CMN003.CMN', 'Y')
INSERT INTO CMN_CODE (CD, UCD, CD_CLS, CD_NM, CD_SHORT_NM, CD_LEN, PRT_ORD, EFFT_STAT_DT, EFFT_END_DT, CD_DESC, UNIT_SYSTEM_RCD, USE_YN) VALUES('CMN003.TMP', NULL, 'CMN003', '템플릿', NULL, NULL, '3', NULL, NULL, ' ', 'CMN003.CMN', 'Y')
INSERT INTO CMN_CODE (CD, UCD, CD_CLS, CD_NM, CD_SHORT_NM, CD_LEN, PRT_ORD, EFFT_STAT_DT, EFFT_END_DT, CD_DESC, UNIT_SYSTEM_RCD, USE_YN) VALUES('CMN003.PSM', NULL, 'CMN003', 'PMS시스템', NULL, NULL, '4', NULL, NULL, '', 'CMN003.CMN', 'Y')
INSERT INTO CMN_CODE (CD, UCD, CD_CLS, CD_NM, CD_SHORT_NM, CD_LEN, PRT_ORD, EFFT_STAT_DT, EFFT_END_DT, CD_DESC, UNIT_SYSTEM_RCD, USE_YN) VALUES('CMN059.01', NULL, 'CMN059', 'C/S', NULL, NULL, '01', NULL, NULL, NULL, 'CMN003.CMN', 'Y')
INSERT INTO CMN_CODE (CD, UCD, CD_CLS, CD_NM, CD_SHORT_NM, CD_LEN, PRT_ORD, EFFT_STAT_DT, EFFT_END_DT, CD_DESC, UNIT_SYSTEM_RCD, USE_YN) VALUES('CMN059.02', NULL, 'CMN059', '웹인트라넷', NULL, NULL, '02', NULL, NULL, NULL, 'CMN003.CMN', 'Y')
INSERT INTO CMN_CODE (CD, UCD, CD_CLS, CD_NM, CD_SHORT_NM, CD_LEN, PRT_ORD, EFFT_STAT_DT, EFFT_END_DT, CD_DESC, UNIT_SYSTEM_RCD, USE_YN) VALUES('CMN059.03', NULL, 'CMN059', '웹인터넷', NULL, NULL, '03', NULL, NULL, NULL, 'CMN003.CMN', 'Y')
INSERT INTO CMN_CODE (CD, UCD, CD_CLS, CD_NM, CD_SHORT_NM, CD_LEN, PRT_ORD, EFFT_STAT_DT, EFFT_END_DT, CD_DESC, UNIT_SYSTEM_RCD, USE_YN) VALUES('CMN059.04', NULL, 'CMN059', 'CLX', NULL, NULL, '04', NULL, NULL, NULL, 'CMN003.CMN', 'Y')
INSERT INTO CMN_CODE (CD, UCD, CD_CLS, CD_NM, CD_SHORT_NM, CD_LEN, PRT_ORD, EFFT_STAT_DT, EFFT_END_DT, CD_DESC, UNIT_SYSTEM_RCD, USE_YN) VALUES('CMN060.01', NULL, 'CMN060', '입력', NULL, NULL, '01', NULL, NULL, NULL, 'CMN003.CMN', 'Y')
INSERT INTO CMN_CODE (CD, UCD, CD_CLS, CD_NM, CD_SHORT_NM, CD_LEN, PRT_ORD, EFFT_STAT_DT, EFFT_END_DT, CD_DESC, UNIT_SYSTEM_RCD, USE_YN) VALUES('CMN060.02', NULL, 'CMN060', '조회', NULL, NULL, '02', NULL, NULL, NULL, 'CMN003.CMN', 'Y')
INSERT INTO CMN_CODE (CD, UCD, CD_CLS, CD_NM, CD_SHORT_NM, CD_LEN, PRT_ORD, EFFT_STAT_DT, EFFT_END_DT, CD_DESC, UNIT_SYSTEM_RCD, USE_YN) VALUES('CMN060.03', NULL, 'CMN060', '팝업', NULL, NULL, '03', NULL, NULL, NULL, 'CMN003.CMN', 'Y')
INSERT INTO CMN_CODE (CD, UCD, CD_CLS, CD_NM, CD_SHORT_NM, CD_LEN, PRT_ORD, EFFT_STAT_DT, EFFT_END_DT, CD_DESC, UNIT_SYSTEM_RCD, USE_YN) VALUES('CMN060.04', NULL, 'CMN060', '보고서', NULL, NULL, '04', NULL, NULL, NULL, 'CMN003.CMN', 'Y')
INSERT INTO CMN_CODE (CD, UCD, CD_CLS, CD_NM, CD_SHORT_NM, CD_LEN, PRT_ORD, EFFT_STAT_DT, EFFT_END_DT, CD_DESC, UNIT_SYSTEM_RCD, USE_YN) VALUES('CMN060.05', NULL, 'CMN060', '서브페이지', NULL, NULL, '05', NULL, NULL, NULL, 'CMN003.CMN', 'Y')
INSERT INTO CMN_CODE (CD, UCD, CD_CLS, CD_NM, CD_SHORT_NM, CD_LEN, PRT_ORD, EFFT_STAT_DT, EFFT_END_DT, CD_DESC, UNIT_SYSTEM_RCD, USE_YN) VALUES('CMN060.06', NULL, 'CMN060', '데이터셋', NULL, NULL, '06', NULL, NULL, NULL, 'CMN003.CMN', 'Y')
INSERT INTO CMN_CODE (CD, UCD, CD_CLS, CD_NM, CD_SHORT_NM, CD_LEN, PRT_ORD, EFFT_STAT_DT, EFFT_END_DT, CD_DESC, UNIT_SYSTEM_RCD, USE_YN) VALUES('CMN003', NULL, 'CFG', '단위시스템', NULL, NULL, NULL, NULL, NULL, NULL, 'CMN003.CMN', 'Y')
INSERT INTO CMN_CODE (CD, UCD, CD_CLS, CD_NM, CD_SHORT_NM, CD_LEN, PRT_ORD, EFFT_STAT_DT, EFFT_END_DT, CD_DESC, UNIT_SYSTEM_RCD, USE_YN) VALUES('CMN006', NULL, 'CFG', '언어구분', NULL, NULL, NULL, NULL, NULL, '', 'CMN003.CMN', 'Y')
INSERT INTO CMN_CODE (CD, UCD, CD_CLS, CD_NM, CD_SHORT_NM, CD_LEN, PRT_ORD, EFFT_STAT_DT, EFFT_END_DT, CD_DESC, UNIT_SYSTEM_RCD, USE_YN) VALUES('CMN037', NULL, 'CFG', '다국어용도구분코드', NULL, NULL, NULL, NULL, NULL, NULL, 'CMN003.CMN', 'Y')
INSERT INTO CMN_CODE (CD, UCD, CD_CLS, CD_NM, CD_SHORT_NM, CD_LEN, PRT_ORD, EFFT_STAT_DT, EFFT_END_DT, CD_DESC, UNIT_SYSTEM_RCD, USE_YN) VALUES('CMN059', NULL, 'CFG', '프로그램구분코드', NULL, NULL, NULL, NULL, NULL, NULL, 'CMN003.CMN', 'Y')
INSERT INTO CMN_CODE (CD, UCD, CD_CLS, CD_NM, CD_SHORT_NM, CD_LEN, PRT_ORD, EFFT_STAT_DT, EFFT_END_DT, CD_DESC, UNIT_SYSTEM_RCD, USE_YN) VALUES('CMN060', NULL, 'CFG', '프로그램유형코드', NULL, NULL, NULL, NULL, NULL, NULL, 'CMN003.CMN', 'Y')
INSERT INTO CMN_CODE (CD, UCD, CD_CLS, CD_NM, CD_SHORT_NM, CD_LEN, PRT_ORD, EFFT_STAT_DT, EFFT_END_DT, CD_DESC, UNIT_SYSTEM_RCD, USE_YN) VALUES('CMN101', NULL, 'CFG', '업로드파일상태', NULL, NULL, NULL, NULL, NULL, NULL, 'CMN003.CMN', 'Y')
INSERT INTO CMN_CODE (CD, UCD, CD_CLS, CD_NM, CD_SHORT_NM, CD_LEN, PRT_ORD, EFFT_STAT_DT, EFFT_END_DT, CD_DESC, UNIT_SYSTEM_RCD, USE_YN) VALUES('TMP001', NULL, 'CFG', '성별구분', NULL, NULL, NULL, NULL, NULL, NULL, 'CMN003.TMP', 'Y')
INSERT INTO CMN_CODE (CD, UCD, CD_CLS, CD_NM, CD_SHORT_NM, CD_LEN, PRT_ORD, EFFT_STAT_DT, EFFT_END_DT, CD_DESC, UNIT_SYSTEM_RCD, USE_YN) VALUES('TMP002', NULL, 'CFG', '학생구분코드', NULL, NULL, NULL, NULL, NULL, NULL, 'CMN003.TMP', 'Y')
INSERT INTO CMN_CODE (CD, UCD, CD_CLS, CD_NM, CD_SHORT_NM, CD_LEN, PRT_ORD, EFFT_STAT_DT, EFFT_END_DT, CD_DESC, UNIT_SYSTEM_RCD, USE_YN) VALUES('TMP003', NULL, 'CFG', '주야간코드', NULL, NULL, NULL, NULL, NULL, NULL, 'CMN003.TMP', 'Y')
INSERT INTO CMN_CODE (CD, UCD, CD_CLS, CD_NM, CD_SHORT_NM, CD_LEN, PRT_ORD, EFFT_STAT_DT, EFFT_END_DT, CD_DESC, UNIT_SYSTEM_RCD, USE_YN) VALUES('TMP004', NULL, 'CFG', '국가구분', NULL, NULL, NULL, NULL, NULL, NULL, 'CMN003.TMP', 'Y')
INSERT INTO CMN_CODE (CD, UCD, CD_CLS, CD_NM, CD_SHORT_NM, CD_LEN, PRT_ORD, EFFT_STAT_DT, EFFT_END_DT, CD_DESC, UNIT_SYSTEM_RCD, USE_YN) VALUES('TMP005', NULL, 'CFG', '은행코드', NULL, NULL, NULL, NULL, NULL, NULL, 'CMN003.TMP', 'Y')
INSERT INTO CMN_CODE (CD, UCD, CD_CLS, CD_NM, CD_SHORT_NM, CD_LEN, PRT_ORD, EFFT_STAT_DT, EFFT_END_DT, CD_DESC, UNIT_SYSTEM_RCD, USE_YN) VALUES('TMP006', NULL, 'CFG', '등록분류코드', NULL, NULL, NULL, NULL, NULL, NULL, 'CMN003.TMP', 'Y')
INSERT INTO CMN_CODE (CD, UCD, CD_CLS, CD_NM, CD_SHORT_NM, CD_LEN, PRT_ORD, EFFT_STAT_DT, EFFT_END_DT, CD_DESC, UNIT_SYSTEM_RCD, USE_YN) VALUES('TMP007', NULL, 'CFG', '분납상태코드', NULL, NULL, NULL, NULL, NULL, '', 'CMN003.TMP', 'Y')
INSERT INTO CMN_CODE (CD, UCD, CD_CLS, CD_NM, CD_SHORT_NM, CD_LEN, PRT_ORD, EFFT_STAT_DT, EFFT_END_DT, CD_DESC, UNIT_SYSTEM_RCD, USE_YN) VALUES('TMP008', NULL, 'CFG', '학기코드', NULL, NULL, NULL, NULL, NULL, NULL, 'CMN003.TMP', 'Y')
INSERT INTO CMN_CODE (CD, UCD, CD_CLS, CD_NM, CD_SHORT_NM, CD_LEN, PRT_ORD, EFFT_STAT_DT, EFFT_END_DT, CD_DESC, UNIT_SYSTEM_RCD, USE_YN) VALUES('CMN045.0003', NULL, 'CMN045', '관리권한', NULL, NULL, '1', NULL, NULL, '업무관리자용 권한', 'CMN003.CMN', 'Y')
INSERT INTO CMN_CODE (CD, UCD, CD_CLS, CD_NM, CD_SHORT_NM, CD_LEN, PRT_ORD, EFFT_STAT_DT, EFFT_END_DT, CD_DESC, UNIT_SYSTEM_RCD, USE_YN) VALUES('CMN045.0001', NULL, 'CMN045', '입력권한', NULL, NULL, '2', NULL, NULL, '업무사용자용 권한 - 데이터에 대한 추가/수정/삭제 가능', 'CMN003.CMN', 'Y')
INSERT INTO CMN_CODE (CD, UCD, CD_CLS, CD_NM, CD_SHORT_NM, CD_LEN, PRT_ORD, EFFT_STAT_DT, EFFT_END_DT, CD_DESC, UNIT_SYSTEM_RCD, USE_YN) VALUES('CMN045.0002', NULL, 'CMN045', '조회권한', NULL, NULL, '3', NULL, NULL, '데이터 조회만 가능', 'CMN003.CMN', 'Y')
INSERT INTO CMN_CODE (CD, UCD, CD_CLS, CD_NM, CD_SHORT_NM, CD_LEN, PRT_ORD, EFFT_STAT_DT, EFFT_END_DT, CD_DESC, UNIT_SYSTEM_RCD, USE_YN) VALUES('CMN035.0001', NULL, 'CMN035', '전체', NULL, NULL, '1', NULL, NULL, ' ', 'CMN003.CMN', 'Y')
INSERT INTO CMN_CODE (CD, UCD, CD_CLS, CD_NM, CD_SHORT_NM, CD_LEN, PRT_ORD, EFFT_STAT_DT, EFFT_END_DT, CD_DESC, UNIT_SYSTEM_RCD, USE_YN) VALUES('CMN035.0002', NULL, 'CMN035', '소속부서', NULL, NULL, '2', NULL, NULL, ' ', 'CMN003.CMN', 'Y')
INSERT INTO CMN_CODE (CD, UCD, CD_CLS, CD_NM, CD_SHORT_NM, CD_LEN, PRT_ORD, EFFT_STAT_DT, EFFT_END_DT, CD_DESC, UNIT_SYSTEM_RCD, USE_YN) VALUES('CMN035.0003', NULL, 'CMN035', '지정부서', NULL, NULL, '3', NULL, NULL, ' ', 'CMN003.CMN', 'Y')
INSERT INTO CMN_CODE (CD, UCD, CD_CLS, CD_NM, CD_SHORT_NM, CD_LEN, PRT_ORD, EFFT_STAT_DT, EFFT_END_DT, CD_DESC, UNIT_SYSTEM_RCD, USE_YN) VALUES('CMN035.0004', NULL, 'CMN035', '개인권한', NULL, NULL, '4', NULL, NULL, ' ', 'CMN003.CMN', 'Y')
INSERT INTO CMN_CODE (CD, UCD, CD_CLS, CD_NM, CD_SHORT_NM, CD_LEN, PRT_ORD, EFFT_STAT_DT, EFFT_END_DT, CD_DESC, UNIT_SYSTEM_RCD, USE_YN, CD_PRP1) VALUES('CMN049.0001', NULL, 'CMN049', '전체허용', NULL, NULL, '0', NULL, NULL, NULL, 'CMN003.CMN', 'Y', NULL)
INSERT INTO CMN_CODE (CD, UCD, CD_CLS, CD_NM, CD_SHORT_NM, CD_LEN, PRT_ORD, EFFT_STAT_DT, EFFT_END_DT, CD_DESC, UNIT_SYSTEM_RCD, USE_YN, CD_PRP1) VALUES('CMN049.0002', NULL, 'CMN049', '재직', NULL, NULL, '1', NULL, NULL, ' ', 'CMN003.CMN', 'Y', 'Y')
INSERT INTO CMN_CODE (CD, UCD, CD_CLS, CD_NM, CD_SHORT_NM, CD_LEN, PRT_ORD, EFFT_STAT_DT, EFFT_END_DT, CD_DESC, UNIT_SYSTEM_RCD, USE_YN, CD_PRP1) VALUES('CMN049.0003', NULL, 'CMN049', '휴직', NULL, NULL, '2', NULL, NULL, ' ', 'CMN003.CMN', 'Y', 'Y')
INSERT INTO CMN_CODE (CD, UCD, CD_CLS, CD_NM, CD_SHORT_NM, CD_LEN, PRT_ORD, EFFT_STAT_DT, EFFT_END_DT, CD_DESC, UNIT_SYSTEM_RCD, USE_YN, CD_PRP1) VALUES('CMN049.0004', NULL, 'CMN049', '퇴직', NULL, NULL, '3', NULL, NULL, ' ', 'CMN003.CMN', 'Y', 'Y')
INSERT INTO CMN_CODE (CD, UCD, CD_CLS, CD_NM, CD_SHORT_NM, CD_LEN, PRT_ORD, EFFT_STAT_DT, EFFT_END_DT, CD_DESC, UNIT_SYSTEM_RCD, USE_YN) VALUES('CMN006.KR', NULL, 'CMN006', '한국어', NULL, NULL, '1', NULL, NULL, NULL, 'CMN003.CMN', 'Y')
INSERT INTO CMN_CODE (CD, UCD, CD_CLS, CD_NM, CD_SHORT_NM, CD_LEN, PRT_ORD, EFFT_STAT_DT, EFFT_END_DT, CD_DESC, UNIT_SYSTEM_RCD, USE_YN) VALUES('CMN006.US', NULL, 'CMN006', '영어', NULL, NULL, '2', NULL, NULL, NULL, 'CMN003.CMN', NULL)
INSERT INTO CMN_CODE (CD, UCD, CD_CLS, CD_NM, CD_SHORT_NM, CD_LEN, PRT_ORD, EFFT_STAT_DT, EFFT_END_DT, CD_DESC, UNIT_SYSTEM_RCD, USE_YN) VALUES('CMN006.CN', NULL, 'CMN006', '중국어', NULL, NULL, '3', NULL, NULL, '', 'CMN003.CMN', '')
INSERT INTO CMN_CODE (CD, UCD, CD_CLS, CD_NM, CD_SHORT_NM, CD_LEN, PRT_ORD, EFFT_STAT_DT, EFFT_END_DT, CD_DESC, UNIT_SYSTEM_RCD, USE_YN) VALUES('CMN006.JP', NULL, 'CMN006', '일본', NULL, NULL, '4', NULL, NULL, NULL, 'CMN003.CMN', NULL)
INSERT INTO CMN_CODE (CD, UCD, CD_CLS, CD_NM, CD_SHORT_NM, CD_LEN, PRT_ORD, EFFT_STAT_DT, EFFT_END_DT, CD_DESC, UNIT_SYSTEM_RCD, USE_YN) VALUES('CMN037.SCR', NULL, 'CMN037', '사용자정의', NULL, NULL, '1', NULL, NULL, NULL, 'CMN003.CMN', 'Y')
INSERT INTO CMN_CODE (CD, UCD, CD_CLS, CD_NM, CD_SHORT_NM, CD_LEN, PRT_ORD, EFFT_STAT_DT, EFFT_END_DT, CD_DESC, UNIT_SYSTEM_RCD, USE_YN) VALUES('CMN037.DB', NULL, 'CMN037', 'DB', NULL, NULL, '2', NULL, NULL, NULL, 'CMN003.CMN', 'Y')
INSERT INTO CMN_CODE (CD, UCD, CD_CLS, CD_NM, CD_SHORT_NM, CD_LEN, PRT_ORD, EFFT_STAT_DT, EFFT_END_DT, CD_DESC, UNIT_SYSTEM_RCD, USE_YN) VALUES('CMN037.INF', NULL, 'CMN037', '정보성메세지', NULL, NULL, '3', NULL, NULL, NULL, 'CMN003.CMN', 'Y')
INSERT INTO CMN_CODE (CD, UCD, CD_CLS, CD_NM, CD_SHORT_NM, CD_LEN, PRT_ORD, EFFT_STAT_DT, EFFT_END_DT, CD_DESC, UNIT_SYSTEM_RCD, USE_YN) VALUES('CMN037.ERR', NULL, 'CMN037', '에러성메세지', NULL, NULL, '4', NULL, NULL, NULL, 'CMN003.CMN', 'Y')
INSERT INTO CMN_CODE (CD, UCD, CD_CLS, CD_NM, CD_SHORT_NM, CD_LEN, PRT_ORD, EFFT_STAT_DT, EFFT_END_DT, CD_DESC, UNIT_SYSTEM_RCD, USE_YN) VALUES('CMN037.WRN', NULL, 'CMN037', '경고성메세지', NULL, NULL, '5', NULL, NULL, NULL, 'CMN003.CMN', 'Y')
INSERT INTO CMN_CODE (CD, UCD, CD_CLS, CD_NM, CD_SHORT_NM, CD_LEN, PRT_ORD, EFFT_STAT_DT, EFFT_END_DT, CD_DESC, UNIT_SYSTEM_RCD, USE_YN) VALUES('CMN037.CRM', NULL, 'CMN037', '확인성메세지', NULL, NULL, '6', NULL, NULL, NULL, 'CMN003.CMN', 'Y')
INSERT INTO CMN_CODE (CD, UCD, CD_CLS, CD_NM, CD_SHORT_NM, CD_LEN, PRT_ORD, EFFT_STAT_DT, EFFT_END_DT, CD_DESC, UNIT_SYSTEM_RCD, USE_YN) VALUES('CMN037.CMN', NULL, 'CMN037', '공통메세지', NULL, NULL, '7', NULL, NULL, NULL, 'CMN003.CMN', 'Y')
INSERT INTO CMN_CODE (CD, UCD, CD_CLS, CD_NM, CD_SHORT_NM, CD_LEN, PRT_ORD, EFFT_STAT_DT, EFFT_END_DT, CD_DESC, UNIT_SYSTEM_RCD, USE_YN) VALUES('CMN501.01', NULL, 'CMN501', '일반게시판', NULL, NULL, '1', NULL, NULL, NULL, 'CMN003.CMN', 'Y')
INSERT INTO CMN_CODE (CD, UCD, CD_CLS, CD_NM, CD_SHORT_NM, CD_LEN, PRT_ORD, EFFT_STAT_DT, EFFT_END_DT, CD_DESC, UNIT_SYSTEM_RCD, USE_YN) VALUES('CMN501.02', NULL, 'CMN501', '공지사항', NULL, NULL, '2', NULL, NULL, NULL, 'CMN003.CMN', 'Y')
INSERT INTO CMN_CODE (CD, UCD, CD_CLS, CD_NM, CD_SHORT_NM, CD_LEN, PRT_ORD, EFFT_STAT_DT, EFFT_END_DT, CD_DESC, UNIT_SYSTEM_RCD, USE_YN) VALUES('CMN501.03', NULL, 'CMN501', '자료실', NULL, NULL, '3', NULL, NULL, NULL, 'CMN003.CMN', 'Y')
INSERT INTO CMN_CODE (CD, UCD, CD_CLS, CD_NM, CD_SHORT_NM, CD_LEN, PRT_ORD, EFFT_STAT_DT, EFFT_END_DT, CD_DESC, UNIT_SYSTEM_RCD, USE_YN) VALUES('CMN012.01', NULL, 'CMN012', '남', NULL, NULL, NULL, NULL, NULL, NULL, 'CMN003.CMN', 'Y')
INSERT INTO CMN_CODE (CD, UCD, CD_CLS, CD_NM, CD_SHORT_NM, CD_LEN, PRT_ORD, EFFT_STAT_DT, EFFT_END_DT, CD_DESC, UNIT_SYSTEM_RCD, USE_YN) VALUES('CMN012.02', NULL, 'CMN012', '여', NULL, NULL, NULL, NULL, NULL, NULL, 'CMN003.CMN', 'Y')
INSERT INTO CMN_CODE (CD, UCD, CD_CLS, CD_NM, CD_SHORT_NM, CD_LEN, PRT_ORD, EFFT_STAT_DT, EFFT_END_DT, CD_DESC, UNIT_SYSTEM_RCD, USE_YN) VALUES('CMN013.01', NULL, 'CMN013', '음력', NULL, NULL, '0002', NULL, NULL, NULL, 'CMN003.CMN', 'Y')
INSERT INTO CMN_CODE (CD, UCD, CD_CLS, CD_NM, CD_SHORT_NM, CD_LEN, PRT_ORD, EFFT_STAT_DT, EFFT_END_DT, CD_DESC, UNIT_SYSTEM_RCD, USE_YN) VALUES('CMN013.02', NULL, 'CMN013', '양력', NULL, NULL, '0001', NULL, NULL, NULL, 'CMN003.CMN', 'Y')
INSERT INTO CMN_CODE (CD, UCD, CD_CLS, CD_NM, CD_SHORT_NM, CD_LEN, PRT_ORD, EFFT_STAT_DT, EFFT_END_DT, CD_DESC, UNIT_SYSTEM_RCD, USE_YN) VALUES('CMN019.001', NULL, 'CMN019', '대한민국', NULL, NULL, '00501', NULL, NULL, NULL, 'CMN003.CMN', 'Y')
INSERT INTO CMN_DEPT (DEPT_CD, DEPT_NM, DEPT_NM_ENG, SHORT_NM, SHORT_NM_ENG, ST_DT, END_DT, UP_DEPT_CD, DEPT_DIV_RCD, MNG_ITEM_1, MNG_ITEM_2, MNG_ITEM_3, MNG_ITEM_4, MNG_ITEM_5, PRT_ORD) VALUES('000', '토마토시스템', 'tomatosystem', '토마토시스템', 'tomatosystem', '20211105', '20991231', '', '', '', '', '', '', '', '00001')
INSERT INTO CMN_DEPT (DEPT_CD, DEPT_NM, DEPT_NM_ENG, SHORT_NM, SHORT_NM_ENG, ST_DT, END_DT, UP_DEPT_CD, DEPT_DIV_RCD, MNG_ITEM_1, MNG_ITEM_2, MNG_ITEM_3, MNG_ITEM_4, MNG_ITEM_5, PRT_ORD) VALUES('001', 'UI사업본부', '', 'UI사업본부', '', '20211106', '20991229', '000', 'CMN401.04', '', '', '', '', '', '00100')
INSERT INTO CMN_DEPT (DEPT_CD, DEPT_NM, DEPT_NM_ENG, SHORT_NM, SHORT_NM_ENG, ST_DT, END_DT, UP_DEPT_CD, DEPT_DIV_RCD, MNG_ITEM_1, MNG_ITEM_2, MNG_ITEM_3, MNG_ITEM_4, MNG_ITEM_5, PRT_ORD) VALUES('001-01', '기술지원팀', '', '기술지원팀', '', '20211105', '20991231', '001', 'CMN401.02', '', '', '', '', '', '00101')
INSERT INTO CMN_DEPT (DEPT_CD, DEPT_NM, DEPT_NM_ENG, SHORT_NM, SHORT_NM_ENG, ST_DT, END_DT, UP_DEPT_CD, DEPT_DIV_RCD, MNG_ITEM_1, MNG_ITEM_2, MNG_ITEM_3, MNG_ITEM_4, MNG_ITEM_5, PRT_ORD) VALUES('001-02', '소프트웨어공학팀', '', 'SWE', '', '20211105', '20991231', '001', 'CMN401.02', '', '', '', '', '', '00102')
INSERT INTO CMN_DEPT (DEPT_CD, DEPT_NM, DEPT_NM_ENG, SHORT_NM, SHORT_NM_ENG, ST_DT, END_DT, UP_DEPT_CD, DEPT_DIV_RCD, MNG_ITEM_1, MNG_ITEM_2, MNG_ITEM_3, MNG_ITEM_4, MNG_ITEM_5, PRT_ORD) VALUES('002', '전략사업본부', '', '전략사업본부', '', '20211105', '20991231', '000', 'CMN401.04', '', '', '', '', '', '00200')
INSERT INTO CMN_DEPT (DEPT_CD, DEPT_NM, DEPT_NM_ENG, SHORT_NM, SHORT_NM_ENG, ST_DT, END_DT, UP_DEPT_CD, DEPT_DIV_RCD, MNG_ITEM_1, MNG_ITEM_2, MNG_ITEM_3, MNG_ITEM_4, MNG_ITEM_5, PRT_ORD) VALUES('002-01', '포탈수행팀', '', '포탈수행팀', '', '20211105', '20991231', '002', 'CMN401.02', '', '', '', '', '', '00201')
INSERT INTO CMN_DEPT (DEPT_CD, DEPT_NM, DEPT_NM_ENG, SHORT_NM, SHORT_NM_ENG, ST_DT, END_DT, UP_DEPT_CD, DEPT_DIV_RCD, MNG_ITEM_1, MNG_ITEM_2, MNG_ITEM_3, MNG_ITEM_4, MNG_ITEM_5, PRT_ORD) VALUES('002-02', '원격진료팀', '', '원격진료팀', '', '20211105', '20991231', '002', 'CMN401.02', '', '', '', '', '', '00202')
INSERT INTO CMN_PGM (PGM_ID, PGM_NM, UNIT_SYS_RCD, PGM_DIV_RCD, PGM_TYPE_RCD, CALL_PAGE, USE_YN, MOBILE_YN) VALUES('cmnCCode', '공통코드관리', 'CMN003.CMN', 'CMN059.04', 'CMN060.01', 'app/cmn/cmnCCode.clx', 'Y', 'Y')
INSERT INTO CMN_PGM (PGM_ID, PGM_NM, UNIT_SYS_RCD, PGM_DIV_RCD, PGM_TYPE_RCD, CALL_PAGE, USE_YN, MOBILE_YN) VALUES('cmnCDept', '부서관리', 'CMN003.CMN', 'CMN059.04', 'CMN060.01', 'app/cmn/cmnCDept.clx', 'Y', 'Y')
INSERT INTO CMN_PGM (PGM_ID, PGM_NM, UNIT_SYS_RCD, PGM_DIV_RCD, PGM_TYPE_RCD, CALL_PAGE, USE_YN, MOBILE_YN) VALUES('cmnCGrid', 'TEMLPATE(그리드)', 'CMN003.TMP', 'CMN059.04', 'CMN060.01', 'app/cmn/cmnCGrid.clx', 'Y', 'Y')
INSERT INTO CMN_PGM (PGM_ID, PGM_NM, UNIT_SYS_RCD, PGM_DIV_RCD, PGM_TYPE_RCD, CALL_PAGE, USE_YN, MOBILE_YN) VALUES('Overview', '디자인가이드', 'CMN003.CMN', 'CMN059.04', 'CMN060.02', 'app/exam/scrPtrn/design/DesignGuide', 'Y', 'Y')
INSERT INTO CMN_ROLE (OPRT_ROLE_ID, OPRT_ROLE_NM, OPRT_ROLE_DESC, USE_YN, BSIC_AUTH_YN, ST_DT, ED_DT, DUSE_DT) VALUES('ADMIN_CMN', '공통 관리자', '', 'Y', 'Y', '20240923', '20991231', '')
INSERT INTO CMN_ROLE (OPRT_ROLE_ID, OPRT_ROLE_NM, OPRT_ROLE_DESC, USE_YN, BSIC_AUTH_YN, ST_DT, ED_DT, DUSE_DT) VALUES('TEST', 'TEST', 'TEST', 'Y', 'Y', '20240923', '20991231', '')
INSERT INTO CMN_MENU (MENU_ID, PGM_ID, MENU_NM, UNIT_SYS_RCD, UP_MENU_ID, UP_PGM_ID, MENU_LVL, PRT_ORD, USE_YN, MENU_YN, SHOW_YN, CTRL_VAR_01, CTRL_VAR_02, CTRL_VAR_03, CTRL_VAR_04) VALUES('00010', 'MENUHEADER', '공통관리', '', NULL, NULL, 0, 1, 'Y', 'Y', 'Y', '', NULL, NULL, 'bx bx-command')
INSERT INTO CMN_MENU (MENU_ID, PGM_ID, MENU_NM, UNIT_SYS_RCD, UP_MENU_ID, UP_PGM_ID, MENU_LVL, PRT_ORD, USE_YN, MENU_YN, SHOW_YN, CTRL_VAR_01, CTRL_VAR_02, CTRL_VAR_03, CTRL_VAR_04) VALUES('00030', 'MENUHEADER', '템플릿', '', NULL, NULL, 0, 3, 'Y', 'Y', 'Y', '', NULL, NULL, 'bx bx-code-block')
INSERT INTO CMN_MENU (MENU_ID, PGM_ID, MENU_NM, UNIT_SYS_RCD, UP_MENU_ID, UP_PGM_ID, MENU_LVL, PRT_ORD, USE_YN, MENU_YN, SHOW_YN, CTRL_VAR_01, CTRL_VAR_02, CTRL_VAR_03, CTRL_VAR_04) VALUES('CMN010010', 'MENUHEADER', '코드관리', 'CMN003.CMN', '00010', 'MENUHEADER', 2, 1, 'Y', 'Y', 'Y', NULL, NULL, NULL, 'bx bx-code')
INSERT INTO CMN_MENU (MENU_ID, PGM_ID, MENU_NM, UNIT_SYS_RCD, UP_MENU_ID, UP_PGM_ID, MENU_LVL, PRT_ORD, USE_YN, MENU_YN, SHOW_YN, CTRL_VAR_01, CTRL_VAR_02, CTRL_VAR_03, CTRL_VAR_04) VALUES('CMN010020', 'MENUHEADER', '사용자관리', '00010', '00010', 'MENUHEADER', 2, 2, 'Y', 'Y', 'Y', '', NULL, NULL, 'bx bx-user-pin')
INSERT INTO CMN_MENU (MENU_ID, PGM_ID, MENU_NM, UNIT_SYS_RCD, UP_MENU_ID, UP_PGM_ID, MENU_LVL, PRT_ORD, USE_YN, MENU_YN, SHOW_YN, CTRL_VAR_01, CTRL_VAR_02, CTRL_VAR_03, CTRL_VAR_04) VALUES('CMN010030', 'MENUHEADER', '메뉴/업무역할', '00010', '00010', 'MENUHEADER', 2, 3, 'Y', 'Y', 'Y', '', NULL, NULL, 'bx bx-menu')
INSERT INTO CMN_MENU (MENU_ID, PGM_ID, MENU_NM, UNIT_SYS_RCD, UP_MENU_ID, UP_PGM_ID, MENU_LVL, PRT_ORD, USE_YN, MENU_YN, SHOW_YN, CTRL_VAR_01, CTRL_VAR_02, CTRL_VAR_03, CTRL_VAR_04) VALUES('CMN010040', 'MENUHEADER', '권한관리', '00010', '00010', 'MENUHEADER', 2, 4, 'Y', 'Y', 'Y', '', NULL, NULL, 'bx bx-food-menu')
INSERT INTO CMN_MENU (MENU_ID, PGM_ID, MENU_NM, UNIT_SYS_RCD, UP_MENU_ID, UP_PGM_ID, MENU_LVL, PRT_ORD, USE_YN, MENU_YN, SHOW_YN, CTRL_VAR_01, CTRL_VAR_02, CTRL_VAR_03, CTRL_VAR_04) VALUES('CMN010060', 'MENUHEADER', '공통', '00010', '00010', 'MENUHEADER', 2, 8, 'Y', 'Y', 'Y', '', NULL, NULL, 'bx bx-command')
INSERT INTO CMN_MENU (MENU_ID, PGM_ID, MENU_NM, UNIT_SYS_RCD, UP_MENU_ID, UP_PGM_ID, MENU_LVL, PRT_ORD, USE_YN, MENU_YN, SHOW_YN, CTRL_VAR_01, CTRL_VAR_02, CTRL_VAR_03, CTRL_VAR_04) VALUES('CMN010070', 'MENUHEADER', '개발관리', '00010', '00010', 'MENUHEADER', 2, 6, 'Y', 'Y', 'Y', '', NULL, NULL, 'bx bxl-creative-commons')
INSERT INTO CMN_MENU (MENU_ID, PGM_ID, MENU_NM, UNIT_SYS_RCD, UP_MENU_ID, UP_PGM_ID, MENU_LVL, PRT_ORD, USE_YN, MENU_YN, SHOW_YN, CTRL_VAR_01, CTRL_VAR_02, CTRL_VAR_03, CTRL_VAR_04) VALUES('cmnCClientMessage', 'cmnCClientMessage', '화면 메시지관리', 'CMN003.CMN', 'CMN010070', 'MENUHEADER', 3, 1, 'Y', 'Y', 'Y', NULL, NULL, NULL, NULL)
INSERT INTO CMN_MENU (MENU_ID, PGM_ID, MENU_NM, UNIT_SYS_RCD, UP_MENU_ID, UP_PGM_ID, MENU_LVL, PRT_ORD, USE_YN, MENU_YN, SHOW_YN, CTRL_VAR_01, CTRL_VAR_02, CTRL_VAR_03, CTRL_VAR_04) VALUES('cmnCCode', 'cmnCCode', '공통코드관리', 'CMN003.CMN', 'CMN010010', 'MENUHEADER', 3, 10, 'Y', 'Y', 'Y', NULL, NULL, NULL, NULL)
INSERT INTO CMN_MENU (MENU_ID, PGM_ID, MENU_NM, UNIT_SYS_RCD, UP_MENU_ID, UP_PGM_ID, MENU_LVL, PRT_ORD, USE_YN, MENU_YN, SHOW_YN, CTRL_VAR_01, CTRL_VAR_02, CTRL_VAR_03, CTRL_VAR_04) VALUES('cmnCDept', 'cmnCDept', '부서관리', 'CMN003.CMN', 'CMN010010', 'MENUHEADER', 3, 12, 'Y', 'Y', 'Y', NULL, NULL, NULL, NULL)
INSERT INTO CMN_MENU (MENU_ID, PGM_ID, MENU_NM, UNIT_SYS_RCD, UP_MENU_ID, UP_PGM_ID, MENU_LVL, PRT_ORD, USE_YN, MENU_YN, SHOW_YN, CTRL_VAR_01, CTRL_VAR_02, CTRL_VAR_03, CTRL_VAR_04) VALUES('cmnCMenu', 'cmnCMenu', '메뉴관리', 'CMN003.CMN', 'CMN010030', 'MENUHEADER', 3, 2, 'Y', 'Y', 'Y', NULL, NULL, NULL, NULL)
INSERT INTO CMN_MENU (MENU_ID, PGM_ID, MENU_NM, UNIT_SYS_RCD, UP_MENU_ID, UP_PGM_ID, MENU_LVL, PRT_ORD, USE_YN, MENU_YN, SHOW_YN, CTRL_VAR_01, CTRL_VAR_02, CTRL_VAR_03, CTRL_VAR_04) VALUES('cmnCNotice', 'cmnCNotice', '공지사항관리', 'CMN003.CMN', 'CMN010060', 'MENUHEADER', 3, 2, 'Y', 'Y', 'Y', NULL, NULL, NULL, NULL)
INSERT INTO CMN_MENU (MENU_ID, PGM_ID, MENU_NM, UNIT_SYS_RCD, UP_MENU_ID, UP_PGM_ID, MENU_LVL, PRT_ORD, USE_YN, MENU_YN, SHOW_YN, CTRL_VAR_01, CTRL_VAR_02, CTRL_VAR_03, CTRL_VAR_04) VALUES('cmnCPgm', 'cmnCPgm', '프로그램관리', 'CMN003.CMN', 'CMN010030', 'MENUHEADER', 3, 1, 'Y', 'Y', 'Y', NULL, NULL, NULL, NULL)
INSERT INTO CMN_MENU (MENU_ID, PGM_ID, MENU_NM, UNIT_SYS_RCD, UP_MENU_ID, UP_PGM_ID, MENU_LVL, PRT_ORD, USE_YN, MENU_YN, SHOW_YN, CTRL_VAR_01, CTRL_VAR_02, CTRL_VAR_03, CTRL_VAR_04) VALUES('cmnCRole', 'cmnCRole', '업무역할', 'CMN003.CMN', 'CMN010030', 'MENUHEADER', 3, 4, 'Y', 'Y', 'Y', NULL, NULL, NULL, NULL)
INSERT INTO CMN_MENU (MENU_ID, PGM_ID, MENU_NM, UNIT_SYS_RCD, UP_MENU_ID, UP_PGM_ID, MENU_LVL, PRT_ORD, USE_YN, MENU_YN, SHOW_YN, CTRL_VAR_01, CTRL_VAR_02, CTRL_VAR_03, CTRL_VAR_04) VALUES('cmnCRoleMenu', 'cmnCRoleMenu', '업무역할메뉴', 'CMN003.CMN', 'CMN010030', 'MENUHEADER', 3, 3, 'Y', 'Y', 'Y', NULL, NULL, NULL, NULL)
INSERT INTO CMN_MENU (MENU_ID, PGM_ID, MENU_NM, UNIT_SYS_RCD, UP_MENU_ID, UP_PGM_ID, MENU_LVL, PRT_ORD, USE_YN, MENU_YN, SHOW_YN, CTRL_VAR_01, CTRL_VAR_02, CTRL_VAR_03, CTRL_VAR_04) VALUES('cmnCUserRole', 'cmnCUserRole', '사용자업무역할', 'CMN003.CMN', 'CMN010040', 'MENUHEADER', 3, 1, 'Y', 'Y', 'Y', NULL, NULL, NULL, NULL)
INSERT INTO CMN_MENU (MENU_ID, PGM_ID, MENU_NM, UNIT_SYS_RCD, UP_MENU_ID, UP_PGM_ID, MENU_LVL, PRT_ORD, USE_YN, MENU_YN, SHOW_YN, CTRL_VAR_01, CTRL_VAR_02, CTRL_VAR_03, CTRL_VAR_04) VALUES('cmnCUseUser', 'cmnCUseUser', '사용자관리', 'CMN003.CMN', 'CMN010020', 'MENUHEADER', 3, 1, 'Y', 'Y', 'Y', NULL, NULL, NULL, NULL)
INSERT INTO CMN_MENU (MENU_ID, PGM_ID, MENU_NM, UNIT_SYS_RCD, UP_MENU_ID, UP_PGM_ID, MENU_LVL, PRT_ORD, USE_YN, MENU_YN, SHOW_YN, CTRL_VAR_01, CTRL_VAR_02, CTRL_VAR_03, CTRL_VAR_04) VALUES('TMP010010', 'MENUHEADER', '업무', '00030', '00030', 'MENUHEADER', 2, 1, 'Y', 'Y', 'Y', '', NULL, NULL, 'bx bx-task')
INSERT INTO CMN_MENU (MENU_ID, PGM_ID, MENU_NM, UNIT_SYS_RCD, UP_MENU_ID, UP_PGM_ID, MENU_LVL, PRT_ORD, USE_YN, MENU_YN, SHOW_YN, CTRL_VAR_01, CTRL_VAR_02, CTRL_VAR_03, CTRL_VAR_04) VALUES('TMP010020', 'MENUHEADER', '패턴', 'CMN003.CMN', '00030', 'MENUHEADER', 2, 2, 'N', 'N', 'N', NULL, NULL, NULL, NULL)
INSERT INTO CMN_OPER_MENU (OPRT_ROLE_ID, MENU_ID, PGM_ID, USE_AUTH_RCD, DEPT_AUTH_RCD, DOWNLD_YN, PRT_YN, MSG_SND_YN, EMAIL_SND_YN, MENU_URL) VALUES('ADMIN_CMN', '00030', 'MENUHEADER', 'CMN045.0003', 'CMN035.0001', 'Y', 'Y', 'N', 'N', NULL)
INSERT INTO CMN_OPER_MENU (OPRT_ROLE_ID, MENU_ID, PGM_ID, USE_AUTH_RCD, DEPT_AUTH_RCD, DOWNLD_YN, PRT_YN, MSG_SND_YN, EMAIL_SND_YN, MENU_URL) VALUES('ADMIN_CMN', 'CMN010010', 'MENUHEADER', 'CMN045.0003', 'CMN035.0001', 'Y', 'Y', 'N', 'N', NULL)
INSERT INTO CMN_OPER_MENU (OPRT_ROLE_ID, MENU_ID, PGM_ID, USE_AUTH_RCD, DEPT_AUTH_RCD, DOWNLD_YN, PRT_YN, MSG_SND_YN, EMAIL_SND_YN, MENU_URL) VALUES('ADMIN_CMN', 'CMN010020', 'MENUHEADER', 'CMN045.0003', 'CMN035.0001', 'Y', 'Y', 'N', 'N', NULL)
INSERT INTO CMN_OPER_MENU (OPRT_ROLE_ID, MENU_ID, PGM_ID, USE_AUTH_RCD, DEPT_AUTH_RCD, DOWNLD_YN, PRT_YN, MSG_SND_YN, EMAIL_SND_YN, MENU_URL) VALUES('ADMIN_CMN', 'CMN010030', 'MENUHEADER', 'CMN045.0003', 'CMN035.0001', 'Y', 'Y', 'N', 'N', NULL)
INSERT INTO CMN_OPER_MENU (OPRT_ROLE_ID, MENU_ID, PGM_ID, USE_AUTH_RCD, DEPT_AUTH_RCD, DOWNLD_YN, PRT_YN, MSG_SND_YN, EMAIL_SND_YN, MENU_URL) VALUES('ADMIN_CMN', 'CMN010040', 'MENUHEADER', 'CMN045.0003', 'CMN035.0001', 'Y', 'Y', 'N', 'N', NULL)
INSERT INTO CMN_OPER_MENU (OPRT_ROLE_ID, MENU_ID, PGM_ID, USE_AUTH_RCD, DEPT_AUTH_RCD, DOWNLD_YN, PRT_YN, MSG_SND_YN, EMAIL_SND_YN, MENU_URL) VALUES('ADMIN_CMN', 'CMN010060', 'MENUHEADER', 'CMN045.0003', 'CMN035.0001', 'Y', 'Y', 'N', 'N', NULL)
INSERT INTO CMN_OPER_MENU (OPRT_ROLE_ID, MENU_ID, PGM_ID, USE_AUTH_RCD, DEPT_AUTH_RCD, DOWNLD_YN, PRT_YN, MSG_SND_YN, EMAIL_SND_YN, MENU_URL) VALUES('ADMIN_CMN', 'CMN010070', 'MENUHEADER', 'CMN045.0003', 'CMN035.0001', 'Y', 'Y', 'N', 'N', NULL)
INSERT INTO CMN_OPER_MENU (OPRT_ROLE_ID, MENU_ID, PGM_ID, USE_AUTH_RCD, DEPT_AUTH_RCD, DOWNLD_YN, PRT_YN, MSG_SND_YN, EMAIL_SND_YN, MENU_URL) VALUES('ADMIN_CMN', 'cmnCClientMessage', 'cmnCClientMessage', 'CMN045.0003', 'CMN035.0001', 'Y', 'Y', 'N', 'N', NULL)
INSERT INTO CMN_OPER_MENU (OPRT_ROLE_ID, MENU_ID, PGM_ID, USE_AUTH_RCD, DEPT_AUTH_RCD, DOWNLD_YN, PRT_YN, MSG_SND_YN, EMAIL_SND_YN, MENU_URL) VALUES('ADMIN_CMN', 'cmnCCode', 'cmnCCode', 'CMN045.0003', ' ', 'Y', 'Y', 'N', 'N', '/CmnCode')
INSERT INTO CMN_OPER_MENU (OPRT_ROLE_ID, MENU_ID, PGM_ID, USE_AUTH_RCD, DEPT_AUTH_RCD, DOWNLD_YN, PRT_YN, MSG_SND_YN, EMAIL_SND_YN, MENU_URL) VALUES('ADMIN_CMN', 'cmnCDept', 'cmnCDept', 'CMN045.0003', 'CMN035.0001', 'Y', 'Y', 'N', 'N', NULL)
INSERT INTO CMN_OPER_MENU (OPRT_ROLE_ID, MENU_ID, PGM_ID, USE_AUTH_RCD, DEPT_AUTH_RCD, DOWNLD_YN, PRT_YN, MSG_SND_YN, EMAIL_SND_YN, MENU_URL) VALUES('ADMIN_CMN', 'cmnCMenu', 'cmnCMenu', 'CMN045.0003', ' ', 'Y', 'Y', 'N', 'N', '/CmnMenu')
INSERT INTO CMN_OPER_MENU (OPRT_ROLE_ID, MENU_ID, PGM_ID, USE_AUTH_RCD, DEPT_AUTH_RCD, DOWNLD_YN, PRT_YN, MSG_SND_YN, EMAIL_SND_YN, MENU_URL) VALUES('ADMIN_CMN', 'cmnCNotice', 'cmnCNotice', 'CMN045.0003', 'CMN035.0001', 'Y', 'Y', 'N', 'N', NULL)
INSERT INTO CMN_OPER_MENU (OPRT_ROLE_ID, MENU_ID, PGM_ID, USE_AUTH_RCD, DEPT_AUTH_RCD, DOWNLD_YN, PRT_YN, MSG_SND_YN, EMAIL_SND_YN, MENU_URL) VALUES('ADMIN_CMN', 'cmnCPgm', 'cmnCPgm', 'CMN045.0003', ' ', 'Y', 'Y', 'N', 'N', '/CmnPgm')
INSERT INTO CMN_OPER_MENU (OPRT_ROLE_ID, MENU_ID, PGM_ID, USE_AUTH_RCD, DEPT_AUTH_RCD, DOWNLD_YN, PRT_YN, MSG_SND_YN, EMAIL_SND_YN, MENU_URL) VALUES('ADMIN_CMN', 'cmnCRole', 'cmnCRole', 'CMN045.0003', ' ', 'Y', 'Y', 'N', 'N', '/CmnRole')
INSERT INTO CMN_OPER_MENU (OPRT_ROLE_ID, MENU_ID, PGM_ID, USE_AUTH_RCD, DEPT_AUTH_RCD, DOWNLD_YN, PRT_YN, MSG_SND_YN, EMAIL_SND_YN, MENU_URL) VALUES('ADMIN_CMN', 'cmnCRoleMenu', 'cmnCRoleMenu', 'CMN045.0003', ' ', 'Y', 'Y', 'N', 'N', '/CmnRoleMenu')
INSERT INTO CMN_OPER_MENU (OPRT_ROLE_ID, MENU_ID, PGM_ID, USE_AUTH_RCD, DEPT_AUTH_RCD, DOWNLD_YN, PRT_YN, MSG_SND_YN, EMAIL_SND_YN, MENU_URL) VALUES('ADMIN_CMN', 'cmnCUserRole', 'cmnCUserRole', 'CMN045.0003', ' ', 'Y', 'Y', 'N', 'N', '/CmnUserRole')
INSERT INTO CMN_OPER_MENU (OPRT_ROLE_ID, MENU_ID, PGM_ID, USE_AUTH_RCD, DEPT_AUTH_RCD, DOWNLD_YN, PRT_YN, MSG_SND_YN, EMAIL_SND_YN, MENU_URL) VALUES('ADMIN_CMN', 'cmnCUseUser', 'cmnCUseUser', 'CMN045.0003', ' ', 'Y', 'Y', 'N', 'N', '/CmnUseUser')
INSERT INTO CMN_OPER_MENU (OPRT_ROLE_ID, MENU_ID, PGM_ID, USE_AUTH_RCD, DEPT_AUTH_RCD, DOWNLD_YN, PRT_YN, MSG_SND_YN, EMAIL_SND_YN, MENU_URL) VALUES('ADMIN_CMN', 'TMP010010', 'MENUHEADER', 'CMN045.0003', 'CMN035.0001', 'Y', 'Y', 'N', 'N', NULL)
INSERT INTO CMN_OPER_MENU (OPRT_ROLE_ID, MENU_ID, PGM_ID, USE_AUTH_RCD, DEPT_AUTH_RCD, DOWNLD_YN, PRT_YN, MSG_SND_YN, EMAIL_SND_YN, MENU_URL) VALUES('ADMIN_CMN', 'TMP010020', 'MENUHEADER', 'CMN045.0003', 'CMN035.0001', 'Y', 'Y', 'N', 'N', NULL)
INSERT INTO CMN_OPER_MENU (OPRT_ROLE_ID, MENU_ID, PGM_ID, USE_AUTH_RCD, DEPT_AUTH_RCD, DOWNLD_YN, PRT_YN, MSG_SND_YN, EMAIL_SND_YN, MENU_URL) VALUES('TEST', '00030', 'MENUHEADER', 'CMN045.0003', 'CMN035.0001', 'Y', 'Y', 'N', 'N', NULL)
INSERT INTO CMN_OPER_MENU (OPRT_ROLE_ID, MENU_ID, PGM_ID, USE_AUTH_RCD, DEPT_AUTH_RCD, DOWNLD_YN, PRT_YN, MSG_SND_YN, EMAIL_SND_YN, MENU_URL) VALUES('TEST', 'CMN010010', 'MENUHEADER', 'CMN045.0003', 'CMN035.0001', 'Y', 'Y', 'N', 'N', NULL)
INSERT INTO CMN_OPER_MENU (OPRT_ROLE_ID, MENU_ID, PGM_ID, USE_AUTH_RCD, DEPT_AUTH_RCD, DOWNLD_YN, PRT_YN, MSG_SND_YN, EMAIL_SND_YN, MENU_URL) VALUES('TEST', 'CMN010020', 'MENUHEADER', 'CMN045.0003', 'CMN035.0001', 'Y', 'Y', 'N', 'N', NULL)
INSERT INTO CMN_OPER_MENU (OPRT_ROLE_ID, MENU_ID, PGM_ID, USE_AUTH_RCD, DEPT_AUTH_RCD, DOWNLD_YN, PRT_YN, MSG_SND_YN, EMAIL_SND_YN, MENU_URL) VALUES('TEST', 'CMN010030', 'MENUHEADER', 'CMN045.0003', 'CMN035.0001', 'Y', 'Y', 'N', 'N', NULL)
INSERT INTO CMN_OPER_MENU (OPRT_ROLE_ID, MENU_ID, PGM_ID, USE_AUTH_RCD, DEPT_AUTH_RCD, DOWNLD_YN, PRT_YN, MSG_SND_YN, EMAIL_SND_YN, MENU_URL) VALUES('TEST', 'CMN010040', 'MENUHEADER', 'CMN045.0003', 'CMN035.0001', 'Y', 'Y', 'N', 'N', NULL)
INSERT INTO CMN_OPER_MENU (OPRT_ROLE_ID, MENU_ID, PGM_ID, USE_AUTH_RCD, DEPT_AUTH_RCD, DOWNLD_YN, PRT_YN, MSG_SND_YN, EMAIL_SND_YN, MENU_URL) VALUES('TEST', 'CMN010060', 'MENUHEADER', 'CMN045.0003', 'CMN035.0001', 'Y', 'Y', 'N', 'N', NULL)
INSERT INTO CMN_OPER_MENU (OPRT_ROLE_ID, MENU_ID, PGM_ID, USE_AUTH_RCD, DEPT_AUTH_RCD, DOWNLD_YN, PRT_YN, MSG_SND_YN, EMAIL_SND_YN, MENU_URL) VALUES('TEST', 'CMN010070', 'MENUHEADER', 'CMN045.0003', 'CMN035.0001', 'Y', 'Y', 'N', 'N', NULL)
INSERT INTO CMN_OPER_MENU (OPRT_ROLE_ID, MENU_ID, PGM_ID, USE_AUTH_RCD, DEPT_AUTH_RCD, DOWNLD_YN, PRT_YN, MSG_SND_YN, EMAIL_SND_YN, MENU_URL) VALUES('TEST', 'cmnCClientMessage', 'cmnCClientMessage', 'CMN045.0003', 'CMN035.0001', 'Y', 'Y', 'N', 'N', NULL)
INSERT INTO CMN_OPER_MENU (OPRT_ROLE_ID, MENU_ID, PGM_ID, USE_AUTH_RCD, DEPT_AUTH_RCD, DOWNLD_YN, PRT_YN, MSG_SND_YN, EMAIL_SND_YN, MENU_URL) VALUES('TEST', 'cmnCCode', 'cmnCCode', 'CMN045.0003', 'CMN035.0001', 'Y', 'Y', 'N', 'N', NULL)
INSERT INTO CMN_OPER_MENU (OPRT_ROLE_ID, MENU_ID, PGM_ID, USE_AUTH_RCD, DEPT_AUTH_RCD, DOWNLD_YN, PRT_YN, MSG_SND_YN, EMAIL_SND_YN, MENU_URL) VALUES('TEST', 'cmnCDept', 'cmnCDept', 'CMN045.0003', 'CMN035.0001', 'Y', 'Y', 'N', 'N', NULL)
INSERT INTO CMN_OPER_MENU (OPRT_ROLE_ID, MENU_ID, PGM_ID, USE_AUTH_RCD, DEPT_AUTH_RCD, DOWNLD_YN, PRT_YN, MSG_SND_YN, EMAIL_SND_YN, MENU_URL) VALUES('TEST', 'cmnCMenu', 'cmnCMenu', 'CMN045.0003', 'CMN035.0001', 'Y', 'Y', 'N', 'N', NULL)
INSERT INTO CMN_OPER_MENU (OPRT_ROLE_ID, MENU_ID, PGM_ID, USE_AUTH_RCD, DEPT_AUTH_RCD, DOWNLD_YN, PRT_YN, MSG_SND_YN, EMAIL_SND_YN, MENU_URL) VALUES('TEST', 'cmnCNotice', 'cmnCNotice', 'CMN045.0003', 'CMN035.0001', 'Y', 'Y', 'N', 'N', NULL)
INSERT INTO CMN_OPER_MENU (OPRT_ROLE_ID, MENU_ID, PGM_ID, USE_AUTH_RCD, DEPT_AUTH_RCD, DOWNLD_YN, PRT_YN, MSG_SND_YN, EMAIL_SND_YN, MENU_URL) VALUES('TEST', 'cmnCPgm', 'cmnCPgm', 'CMN045.0001', 'CMN035.0001', 'Y', 'Y', 'N', 'N', '')
INSERT INTO CMN_OPER_MENU (OPRT_ROLE_ID, MENU_ID, PGM_ID, USE_AUTH_RCD, DEPT_AUTH_RCD, DOWNLD_YN, PRT_YN, MSG_SND_YN, EMAIL_SND_YN, MENU_URL) VALUES('TEST', 'cmnCRole', 'cmnCRole', 'CMN045.0003', 'CMN035.0001', 'Y', 'Y', 'N', 'N', NULL)
INSERT INTO CMN_OPER_MENU (OPRT_ROLE_ID, MENU_ID, PGM_ID, USE_AUTH_RCD, DEPT_AUTH_RCD, DOWNLD_YN, PRT_YN, MSG_SND_YN, EMAIL_SND_YN, MENU_URL) VALUES('TEST', 'cmnCRoleMenu', 'cmnCRoleMenu', 'CMN045.0003', 'CMN035.0001', 'Y', 'Y', 'N', 'N', NULL)
INSERT INTO CMN_OPER_MENU (OPRT_ROLE_ID, MENU_ID, PGM_ID, USE_AUTH_RCD, DEPT_AUTH_RCD, DOWNLD_YN, PRT_YN, MSG_SND_YN, EMAIL_SND_YN, MENU_URL) VALUES('TEST', 'cmnCUserRole', 'cmnCUserRole', 'CMN045.0003', 'CMN035.0001', 'Y', 'Y', 'N', 'N', NULL)
INSERT INTO CMN_OPER_MENU (OPRT_ROLE_ID, MENU_ID, PGM_ID, USE_AUTH_RCD, DEPT_AUTH_RCD, DOWNLD_YN, PRT_YN, MSG_SND_YN, EMAIL_SND_YN, MENU_URL) VALUES('TEST', 'cmnCUseUser', 'cmnCUseUser', 'CMN045.0003', 'CMN035.0001', 'Y', 'Y', 'N', 'N', NULL)
INSERT INTO CMN_OPER_MENU (OPRT_ROLE_ID, MENU_ID, PGM_ID, USE_AUTH_RCD, DEPT_AUTH_RCD, DOWNLD_YN, PRT_YN, MSG_SND_YN, EMAIL_SND_YN, MENU_URL) VALUES('TEST', 'TMP010010', 'MENUHEADER', 'CMN045.0003', 'CMN035.0001', 'Y', 'Y', 'N', 'N', NULL)
INSERT INTO CMN_OPER_MENU (OPRT_ROLE_ID, MENU_ID, PGM_ID, USE_AUTH_RCD, DEPT_AUTH_RCD, DOWNLD_YN, PRT_YN, MSG_SND_YN, EMAIL_SND_YN, MENU_URL) VALUES('TEST', 'TMP010020', 'MENUHEADER', 'CMN045.0003', 'CMN035.0001', 'Y', 'Y', 'N', 'N', NULL)
INSERT INTO CMN_USER_DIV (USER_DIV_CD, USER_DIV_NM, STTS_LCLS_RCD, STTS_MCLS_RCD, STTS_SCLS_RCD, EXPL, PRT_ORD) VALUES('TST001', '어드민', 'CMN054.001', 'CMN055.010', '', '', 1)
INSERT INTO CMN_USER_DIV (USER_DIV_CD, USER_DIV_NM, STTS_LCLS_RCD, STTS_MCLS_RCD, STTS_SCLS_RCD, EXPL, PRT_ORD) VALUES('TST002', '내부직원', 'CMN054.004', 'CMN055.010', NULL, NULL, 3)
INSERT INTO CMN_USER_DIV (USER_DIV_CD, USER_DIV_NM, STTS_LCLS_RCD, STTS_MCLS_RCD, STTS_SCLS_RCD, EXPL, PRT_ORD) VALUES('TST003', '테스트사용자', 'CMN054.001', NULL, NULL, NULL, 4)
INSERT INTO CMN_USER_DIV (USER_DIV_CD, USER_DIV_NM, STTS_LCLS_RCD, STTS_MCLS_RCD, STTS_SCLS_RCD, EXPL, PRT_ORD) VALUES('GUEST', '외부사용자', 'CMN054.001', 'CMN055.020', '', '', 2)
INSERT INTO CMN_PARTY (PARTY_ID, RESNO, NM_KOR, NM_ENG, NM_CHA, GENDER_RCD, BRTDY, LNR_SLR_DIV_RCD, NAT_RCD) VALUES('000000000000111', NULL, '어드민01', 'ADMIN01', NULL, 'CMN012.01', NULL, 'CMN013.02', 'CMN019.410')
INSERT INTO CMN_PARTY (PARTY_ID, RESNO, NM_KOR, NM_ENG, NM_CHA, GENDER_RCD, BRTDY, LNR_SLR_DIV_RCD, NAT_RCD) VALUES('000000000000112', NULL, '어드민02', 'ADMIN02', NULL, 'CMN012.01', NULL, 'CMN013.02', 'CMN019.410')
INSERT INTO CMN_PARTY (PARTY_ID, RESNO, NM_KOR, NM_ENG, NM_CHA, GENDER_RCD, BRTDY, LNR_SLR_DIV_RCD, NAT_RCD) VALUES('000000000000121', NULL, '직원01', 'STAFF01', NULL, 'CMN012.01', NULL, 'CMN013.02', 'CMN019.410')
INSERT INTO CMN_PARTY (PARTY_ID, RESNO, NM_KOR, NM_ENG, NM_CHA, GENDER_RCD, BRTDY, LNR_SLR_DIV_RCD, NAT_RCD) VALUES('000000000000122', NULL, '직원02', 'STAFF02', NULL, 'CMN012.01', NULL, 'CMN013.02', 'CMN019.410')
INSERT INTO CMN_PARTY (PARTY_ID, RESNO, NM_KOR, NM_ENG, NM_CHA, GENDER_RCD, BRTDY, LNR_SLR_DIV_RCD, NAT_RCD) VALUES('000000000000131', NULL, '테스트01', 'TEST01', NULL, 'CMN012.01', NULL, 'CMN013.02', 'CMN019.410')
INSERT INTO CMN_PARTY (PARTY_ID, RESNO, NM_KOR, NM_ENG, NM_CHA, GENDER_RCD, BRTDY, LNR_SLR_DIV_RCD, NAT_RCD) VALUES('000000000000132', NULL, '테스트02', 'TEST02', NULL, 'CMN012.01', NULL, 'CMN013.02', 'CMN019.410')
INSERT INTO CMN_PARTY (PARTY_ID, RESNO, NM_KOR, NM_ENG, NM_CHA, GENDER_RCD, BRTDY, LNR_SLR_DIV_RCD, NAT_RCD) VALUES('000000000000141', NULL, '사용자01', 'GUEST01', NULL, 'CMN012.01', NULL, 'CMN013.02', 'CMN019.410')
INSERT INTO CMN_PARTY (PARTY_ID, RESNO, NM_KOR, NM_ENG, NM_CHA, GENDER_RCD, BRTDY, LNR_SLR_DIV_RCD, NAT_RCD) VALUES('000000000000142', NULL, '사용자02', 'GUEST02', NULL, 'CMN012.01', NULL, 'CMN013.02', 'CMN019.410')
INSERT INTO CMN_USE_USER (USER_ID, PARTY_ID, LOGIN_ID, USER_DIV_CD, PWD, PWD_CHG_DTTM, PWD_EFFT_DAYS, TMP_PWD, TMP_PWD_COPY, LOGIN_FAIL, LOGIN_FAIL_DTTM, LOGIN_PBY_DTTM, LOGIN_SUCCSS, USE_YN, SYS_MGR_YN, DUP_PERMIT_YN, EFFT_ST_DT, EFFT_ED_DT, RMK, PSN_CTFC_ORI_NM, AD_CHECK, STAT_RCD, DEPT_CD) VALUES('admin', '000000000000111', 'admin', 'TST001', '4dff4ea340f0a823f15d3f4f01ab62eae0e5da579ccb851f8db9dfe84c58b2b37b89903a740e1ee172da793a6e79d560e5f7f9bd058a12a280433ed6fa46510a', NULL, NULL, NULL, NULL, NULL, NULL, NULL, NULL, 'Y', NULL, 'Y', '20000101', '99991231', NULL, NULL, 'N', 'CMN049.0002', '000')
INSERT INTO CMN_USE_USER (USER_ID, PARTY_ID, LOGIN_ID, USER_DIV_CD, PWD, PWD_CHG_DTTM, PWD_EFFT_DAYS, TMP_PWD, TMP_PWD_COPY, LOGIN_FAIL, LOGIN_FAIL_DTTM, LOGIN_PBY_DTTM, LOGIN_SUCCSS, USE_YN, SYS_MGR_YN, DUP_PERMIT_YN, EFFT_ST_DT, EFFT_ED_DT, RMK, PSN_CTFC_ORI_NM, AD_CHECK, STAT_RCD, DEPT_CD) VALUES('staff', '000000000000121', 'staff', 'TST002', '6d201beeefb589b08ef0672dac82353d0cbd9ad99e1642c83a1601f3d647bcca003257b5e8f31bdc1d73fbec84fb085c79d6e2677b7ff927e823a54e789140d9', NULL, NULL, NULL, NULL, NULL, NULL, NULL, NULL, 'Y', NULL, NULL, '20000101', '99991231', NULL, NULL, 'N', NULL, '000')
INSERT INTO CMN_USR_OPER_GRP (USER_ID, OPRT_ROLE_ID, ST_DT, ED_DT) VALUES('staff', 'TEST', '20000101', '20991231')
INSERT INTO CMN_USR_OPER_GRP (USER_ID, OPRT_ROLE_ID, ST_DT, ED_DT) VALUES('admin', 'ADMIN_CMN', '20000101', '20991231')
INSERT INTO CMN_MLANGUAGE (MSG_CD,LANG_DIV_RCD,MSG_DIV_RCD,MSG_TEXT) VALUES ('CMN-M001','CMN006.KR','CMN037.CMN','{0} 메뉴에 변경 요청건이 등록되었습니다.')
INSERT INTO CMN_MLANGUAGE (MSG_CD,LANG_DIV_RCD,MSG_DIV_RCD,MSG_TEXT) VALUES ('CRM-M001','CMN006.KR','CMN037.CRM','저장 하시겠습니까?')
INSERT INTO CMN_MLANGUAGE (MSG_CD,LANG_DIV_RCD,MSG_DIV_RCD,MSG_TEXT) VALUES ('CRM-M002','CMN006.KR','CMN037.CRM','삭제 하시겠습니까?')
INSERT INTO CMN_MLANGUAGE (MSG_CD,LANG_DIV_RCD,MSG_DIV_RCD,MSG_TEXT) VALUES ('CRM-M003','CMN006.KR','CMN037.CRM','{0}에 변경된 데이터가 있습니다.
저장하지 않은 데이터는 반영되지 않습니다.
계속 진행하시겠습니까?')
INSERT INTO CMN_MLANGUAGE (MSG_CD,LANG_DIV_RCD,MSG_DIV_RCD,MSG_TEXT) VALUES ('CRM-M004','CMN006.KR','CMN037.CRM','마감 하시겠습니까?')
INSERT INTO CMN_MLANGUAGE (MSG_CD,LANG_DIV_RCD,MSG_DIV_RCD,MSG_TEXT) VALUES ('CRM-M005','CMN006.KR','CMN037.CRM','{0} 하시겠습니까?')
INSERT INTO CMN_MLANGUAGE (MSG_CD,LANG_DIV_RCD,MSG_DIV_RCD,MSG_TEXT) VALUES ('CRM-M006','CMN006.KR','CMN037.CRM','{0} 데이터가 존재합니다. 다시 생성하시겠습니까?')
INSERT INTO CMN_MLANGUAGE (MSG_CD,LANG_DIV_RCD,MSG_DIV_RCD,MSG_TEXT) VALUES ('ERR-M007','CMN006.KR','CMN037.ERR','@유형의 파일은 업로드 불가합니다.')
INSERT INTO CMN_MLANGUAGE (MSG_CD,LANG_DIV_RCD,MSG_DIV_RCD,MSG_TEXT) VALUES ('ERR-M010','CMN006.KR','CMN037.ERR','파일의 크기가 @mb를 초과하는 경우 첨부할 수 없습니다.')
INSERT INTO CMN_MLANGUAGE (MSG_CD,LANG_DIV_RCD,MSG_DIV_RCD,MSG_TEXT) VALUES ('ERR-M011','CMN006.KR','CMN037.ERR','엑셀 내보내기시 장애가 발생하였습니다. 관리자에게 문의 하시기 바랍니다.')
INSERT INTO CMN_MLANGUAGE (MSG_CD,LANG_DIV_RCD,MSG_DIV_RCD,MSG_TEXT) VALUES ('ERR-SRV','CMN006.KR','CMN037.ERR','시스템 내부 장애가 발생하였습니다. 관리자에게 문의 하시기 바랍니다.')
INSERT INTO CMN_MLANGUAGE (MSG_CD,LANG_DIV_RCD,MSG_DIV_RCD,MSG_TEXT) VALUES ('INF-M000','CMN006.KR','CMN037.INF','{0}')
INSERT INTO CMN_MLANGUAGE (MSG_CD,LANG_DIV_RCD,MSG_DIV_RCD,MSG_TEXT) VALUES ('INF-M001','CMN006.KR','CMN037.INF','조회되었습니다.')
INSERT INTO CMN_MLANGUAGE (MSG_CD,LANG_DIV_RCD,MSG_DIV_RCD,MSG_TEXT) VALUES ('INF-M002','CMN006.KR','CMN037.INF','저장되었습니다.')
INSERT INTO CMN_MLANGUAGE (MSG_CD,LANG_DIV_RCD,MSG_DIV_RCD,MSG_TEXT) VALUES ('INF-M003','CMN006.KR','CMN037.INF','삭제되었습니다.')
INSERT INTO CMN_MLANGUAGE (MSG_CD,LANG_DIV_RCD,MSG_DIV_RCD,MSG_TEXT) VALUES ('INF-M004','CMN006.KR','CMN037.INF','조회된 내역이 없습니다.')
INSERT INTO CMN_MLANGUAGE (MSG_CD,LANG_DIV_RCD,MSG_DIV_RCD,MSG_TEXT) VALUES ('INF-M005','CMN006.KR','CMN037.INF','갱신된 데이터가 조회되었습니다.')
INSERT INTO CMN_MLANGUAGE (MSG_CD,LANG_DIV_RCD,MSG_DIV_RCD,MSG_TEXT) VALUES ('INF-M006','CMN006.KR','CMN037.INF','변경된 내역이 없습니다.')
INSERT INTO CMN_MLANGUAGE (MSG_CD,LANG_DIV_RCD,MSG_DIV_RCD,MSG_TEXT) VALUES ('INF-M007','CMN006.KR','CMN037.INF','삭제할 데이터가 없습니다.')
INSERT INTO CMN_MLANGUAGE (MSG_CD,LANG_DIV_RCD,MSG_DIV_RCD,MSG_TEXT) VALUES ('INF-M008','CMN006.KR','CMN037.INF','선택된 데이터가 없습니다.')
INSERT INTO CMN_MLANGUAGE (MSG_CD,LANG_DIV_RCD,MSG_DIV_RCD,MSG_TEXT) VALUES ('WRN-M001','CMN006.KR','CMN037.WRN','{0}은(는) 필수 입력 항목입니다.')
INSERT INTO CMN_MLANGUAGE (MSG_CD,LANG_DIV_RCD,MSG_DIV_RCD,MSG_TEXT) VALUES ('WRN-M002','CMN006.KR','CMN037.WRN','{0}의 {1}번째 데이터에서')
INSERT INTO CMN_MLANGUAGE (MSG_CD,LANG_DIV_RCD,MSG_DIV_RCD,MSG_TEXT) VALUES ('WRN-M003','CMN006.KR','CMN037.WRN','{0}중 하나는 필수 입력 항목입니다.')
INSERT INTO CMN_MLANGUAGE (MSG_CD,LANG_DIV_RCD,MSG_DIV_RCD,MSG_TEXT) VALUES ('WRN-M004','CMN006.KR','CMN037.WRN','{0}은(는) 유효하지 않은 형식입니다.')
INSERT INTO CMN_BOARD (SEQ, ANNC_DT, ANNC_FUND_NM, EMGCY_YN, USER_DIV_CD, ANNC_ST_DT, ANNC_END_DT, TITLE, CONT, IQY_CNT, LINK_URL, ANNC_DIV_RCD, ATTC_FILE_NO, IMG_PATH) VALUES(1, TO_CHAR(SYSDATE-60,'YYYYMMDD'), 'ADMIN', '', 'TST001', TO_CHAR(SYSDATE-90,'YYYYMMDD'), TO_CHAR(SYSDATE+60,'YYYYMMDD'), '[공지] '||TO_CHAR(SYSDATE,'YYYY')||'년 시행한 OOO법이 문제가 되었습니다.', '<p>[공지] '|| TO_CHAR(SYSDATE,'YYYY')||'년 시행한 OOO법이 문제가 되었습니다.</p>', NULL, '', 'CMN501.01', '', '')
INSERT INTO CMN_BOARD (SEQ, ANNC_DT, ANNC_FUND_NM, EMGCY_YN, USER_DIV_CD, ANNC_ST_DT, ANNC_END_DT, TITLE, CONT, IQY_CNT, LINK_URL, ANNC_DIV_RCD, ATTC_FILE_NO, IMG_PATH) VALUES(2, TO_CHAR(SYSDATE-30,'YYYYMMDD'), 'ADMIN', '', 'GUEST', TO_CHAR(SYSDATE-30,'YYYYMMDD'), TO_CHAR(SYSDATE+30,'YYYYMMDD'), '[공지] '|| TO_CHAR(SYSDATE,'YYYY')||'년 기상 악화로 인한 임시점검 안내', '<p>[공지] '|| TO_CHAR(SYSDATE,'YYYY')||'년 기상 악화로 인한 임시점검 안내</p><p>&nbsp;</p>', NULL, '', 'CMN501.01', 'HUf5Oh1XZgiKwXPSXaxC', '')
INSERT INTO CMN_BOARD (SEQ, ANNC_DT, ANNC_FUND_NM, EMGCY_YN, USER_DIV_CD, ANNC_ST_DT, ANNC_END_DT, TITLE, CONT, IQY_CNT, LINK_URL, ANNC_DIV_RCD, ATTC_FILE_NO, IMG_PATH) VALUES(3, TO_CHAR(SYSDATE-1,'YYYYMMDD'), 'ADMIN', 'Y', 'TST002', TO_CHAR(SYSDATE-1,'YYYYMMDD'), TO_CHAR(SYSDATE+10,'YYYYMMDD'), '[긴급] 긴급 전달사항 안내', '', NULL, '', 'CMN501.01', '', '')